"acc_y";"acc_z";"time_ms";"acc_x"
407;474;45;-758
407;474;50;-799
407;474;54;-761
377;439;59;-761
398;478;64;-761
398;478;68;-771
398;478;73;-782
398;478;78;-782
410;480;82;-782
410;480;87;-782
358;440;92;-773
409;498;97;-758
409;498;101;-758
409;498;106;-776
403;478;111;-776
385;440;116;-777
385;440;120;-777
385;440;125;-754
385;440;130;-754
391;472;135;-754
409;478;140;-754
409;478;144;-790
393;452;149;-783
393;452;154;-795
397;483;159;-795
397;483;163;-795
413;493;168;-597
413;493;173;-1025
413;493;178;-1025
367;437;183;-1025
367;437;188;-1025
369;458;193;-884
273;392;197;-715
273;392;202;-715
273;392;207;-776
464;489;212;-776
353;448;216;-734
353;448;221;-734
353;448;226;-675
353;448;231;-675
349;414;236;-675
455;497;240;-675
455;429;245;-888
292;429;250;-903
292;429;255;-810
239;349;260;-810
239;349;264;-810
420;506;269;-710
420;506;274;-717
420;506;279;-717
437;500;283;-717
437;500;288;-717
411;472;293;-740
415;479;298;-788
415;479;303;-788
415;479;307;-823
389;458;312;-823
326;434;317;-787
326;434;322;-787
326;434;327;-749
326;434;331;-749
391;469;336;-749
441;483;341;-744
441;495;346;-744
432;495;350;-756
432;495;355;-777
418;484;360;-777
418;484;365;-777
394;454;370;-794
394;454;374;-760
394;454;379;-760
365;447;384;-760
365;447;389;-760
395;472;394;-763
406;463;398;-771
406;463;403;-771
406;463;408;-759
396;471;413;-759
415;487;417;-774
415;487;422;-774
415;487;427;-783
415;487;432;-783
401;463;437;-783
382;454;441;-765
382;481;446;-765
395;481;451;-775
395;481;456;-787
398;459;461;-787
398;459;465;-787
385;453;470;-772
385;453;475;-757
385;453;480;-757
402;482;484;-757
402;482;489;-757
408;467;494;-778
393;455;499;-763
393;455;504;-763
393;455;508;-755
407;482;513;-755
416;477;518;-787
416;477;523;-787
416;477;528;-777
416;477;532;-777
382;450;537;-777
398;477;542;-759
398;483;547;-759
411;483;551;-768
411;483;556;-767
393;450;561;-767
393;450;566;-767
401;476;571;-755
401;476;575;-764
401;476;580;-764
416;483;585;-764
416;483;590;-764
405;463;595;-773
395;475;599;-757
395;475;604;-757
395;475;609;-768
407;481;614;-768
401;469;618;-780
401;469;623;-780
401;469;628;-755
401;469;633;-755
393;480;638;-755
411;485;642;-767
411;473;647;-767
405;473;652;-784
405;473;657;-760
388;451;662;-760
388;451;666;-769
412;476;671;-769
412;476;676;-769
412;476;681;-769
408;469;685;-782
408;469;690;-782
387;446;695;-777
415;485;700;-760
415;485;705;-760
410;472;709;-782
410;472;714;-782
410;472;719;-782
410;472;724;-777
388;449;729;-777
388;449;733;-761
389;473;738;-761
407;478;743;-782
384;449;748;-782
384;449;752;-779
384;449;757;-756
384;449;762;-756
389;474;767;-756
389;474;772;-756
409;477;776;-781
409;477;781;-781
392;450;786;-780
392;473;791;-780
390;473;796;-758
413;484;800;-774
413;484;805;-774
413;484;810;-777
413;484;815;-777
390;448;819;-777
390;448;824;-756
387;465;829;-756
387;465;834;-759
410;485;839;-759
390;449;843;-783
384;469;848;-758
384;469;853;-758
384;469;858;-758
384;469;863;-762
406;484;867;-779
406;484;872;-779
407;478;877;-779
407;478;882;-761
383;463;887;-761
414;483;891;-761
414;483;896;-761
414;483;901;-777
412;483;906;-777
389;464;910;-758
389;464;915;-758
389;464;920;-764
409;483;925;-764
412;477;930;-774
412;477;934;-774
412;477;939;-774
396;451;944;-758
396;481;949;-758
409;481;954;-755
409;481;958;-775
411;480;963;-775
411;480;968;-775
396;453;973;-784
396;453;977;-759
396;453;982;-759
407;485;987;-759
407;485;992;-759
414;483;997;-775
396;452;1001;-783
396;452;1006;-783
396;452;1011;-758
382;460;1016;-758
415;483;1021;-773
415;483;1026;-773
415;483;1031;-787
415;483;1036;-787
397;456;1040;-787
382;460;1045;-768
412;483;1050;-768
412;483;1055;-772
412;483;1060;-777
397;459;1065;-777
381;455;1070;-777
381;455;1074;-751
381;455;1079;-751
381;455;1084;-798
404;485;1089;-798
402;456;1094;-772
402;456;1099;-785
384;440;1104;-785
384;440;1109;-745
384;440;1113;-745
408;498;1118;-745
408;498;1123;-745
378;464;1128;-762
378;464;1133;-762
404;459;1138;-756
404;496;1143;-752
404;496;1148;-752
436;475;1152;-805
436;475;1157;-770
436;475;1162;-770
436;445;1167;-770
384;445;1172;-750
384;473;1177;-750
388;473;1182;-755
405;485;1186;-755
405;450;1191;-763
384;450;1196;-763
419;490;1201;-763
419;490;1206;-752
419;496;1211;-774
426;496;1216;-774
426;496;1221;-774
402;460;1225;-774
387;479;1230;-752
387;479;1235;-752
387;479;1240;-752
413;490;1245;-752
413;490;1250;-764
410;468;1255;-776
410;468;1260;-756
400;475;1264;-756
400;475;1269;-778
414;485;1274;-778
414;485;1279;-778
414;485;1284;-778
405;473;1289;-792
405;473;1294;-792
382;447;1299;-752
414;480;1303;-757
414;467;1308;-775
408;467;1313;-775
408;467;1318;-775
408;467;1323;-775
408;445;1328;-774
388;445;1333;-774
411;485;1338;-774
411;485;1342;-774
404;474;1347;-784
381;450;1352;-776
381;450;1357;-776
381;450;1362;-758
387;479;1367;-758
409;467;1372;-776
409;467;1377;-776
409;467;1381;-776
409;467;1386;-776
395;445;1391;-776
397;475;1396;-756
397;475;1401;-756
404;476;1406;-788
404;476;1411;-779
384;450;1415;-779
384;473;1420;-751
388;473;1425;-751
388;473;1430;-751
388;473;1435;-751
417;486;1440;-769
417;486;1445;-769
395;453;1450;-776
393;473;1454;-760
410;482;1459;-768
410;482;1464;-768
410;482;1469;-768
410;482;1474;-781
410;446;1479;-754
386;446;1484;-754
386;446;1489;-754
387;468;1493;-754
415;484;1498;-757
413;481;1503;-780
413;481;1508;-780
413;481;1513;-763
392;467;1518;-763
411;486;1523;-766
411;486;1528;-766
411;486;1532;-781
411;486;1537;-781
410;479;1542;-781
384;463;1547;-756
384;487;1552;-756
407;487;1557;-756
407;487;1562;-776
409;481;1567;-776
409;451;1571;-776
392;451;1576;-762
392;451;1581;-763
392;451;1586;-763
408;487;1591;-763
408;480;1596;-763
408;480;1601;-777
393;455;1606;-782
393;455;1610;-757
393;482;1615;-757
409;482;1620;-757
412;482;1625;-775
412;482;1630;-783
412;482;1635;-783
412;452;1640;-783
395;452;1644;-783
384;461;1649;-759
416;485;1654;-773
416;485;1659;-773
416;485;1664;-780
398;455;1669;-780
386;460;1674;-761
386;460;1679;-761
386;460;1683;-775
386;460;1688;-775
414;483;1693;-775
397;456;1698;-785
380;455;1703;-785
380;455;1708;-766
380;455;1713;-774
403;485;1718;-782
399;456;1722;-782
399;456;1727;-782
399;456;1732;-782
399;456;1737;-763
385;454;1742;-763
408;485;1747;-763
408;485;1752;-755
400;457;1757;-787
380;450;1761;-768
380;450;1766;-768
380;450;1771;-757
380;450;1776;-757
401;480;1781;-757
401;480;1786;-757
414;480;1791;-782
414;480;1796;-782
381;453;1800;-767
401;484;1805;-753
401;484;1810;-753
415;488;1815;-771
415;488;1820;-771
415;488;1825;-768
415;488;1830;-756
380;449;1835;-756
380;449;1839;-756
400;482;1844;-756
414;486;1849;-769
402;465;1854;-769
402;465;1859;-772
402;465;1864;-755
398;481;1869;-755
416;486;1874;-755
416;486;1878;-769
416;486;1883;-784
416;486;1888;-784
409;465;1893;-784
398;481;1898;-784
398;481;1903;-750
419;487;1908;-765
419;487;1913;-783
405;464;1917;-783
405;464;1922;-783
386;446;1927;-750
386;446;1932;-765
386;446;1937;-765
414;486;1942;-765
414;486;1947;-765
405;468;1952;-781
383;449;1956;-773
383;449;1961;-766
383;449;1966;-766
416;488;1971;-766
406;470;1976;-787
406;470;1981;-776
406;470;1986;-776
406;470;1990;-776
383;448;1995;-776
391;476;2000;-766
408;472;2005;-780
408;472;2010;-780
408;472;2015;-775
387;451;2020;-756
391;472;2025;-756
391;472;2029;-756
391;472;2034;-756
391;472;2039;-784
410;473;2044;-784
386;448;2049;-781
386;448;2054;-781
390;470;2059;-754
411;485;2064;-782
411;485;2068;-782
411;485;2073;-782
411;485;2078;-780
385;447;2083;-752
385;447;2088;-752
389;470;2093;-752
389;470;2098;-752
414;485;2103;-759
392;449;2107;-779
392;449;2112;-747
392;449;2117;-747
391;472;2122;-747
414;489;2127;-755
414;489;2132;-783
414;489;2137;-783
414;489;2142;-783
409;483;2146;-783
377;471;2151;-754
406;497;2156;-764
406;497;2161;-764
406;497;2166;-781
401;488;2171;-765
375;461;2176;-765
375;461;2181;-765
375;461;2185;-765
375;461;2190;-760
409;490;2195;-760
417;484;2200;-785
417;449;2205;-785
404;449;2210;-758
419;482;2215;-753
419;482;2220;-753
419;482;2224;-774
419;482;2229;-774
424;476;2234;-775
424;476;2239;-775
399;442;2244;-775
413;486;2249;-775
413;486;2254;-760
418;475;2259;-767
418;475;2263;-782
394;449;2268;-782
394;449;2273;-782
379;459;2278;-757
379;459;2283;-769
379;459;2288;-769
379;481;2293;-769
407;481;2297;-769
401;460;2302;-785
386;456;2307;-760
386;456;2312;-760
386;456;2317;-769
417;483;2322;-782
406;458;2327;-782
406;458;2332;-782
406;458;2336;-782
406;458;2341;-765
384;451;2346;-765
413;484;2351;-768
403;460;2356;-781
403;460;2361;-781
383;454;2366;-771
383;454;2371;-771
383;454;2375;-771
383;454;2380;-762
398;480;2385;-762
398;480;2390;-789
399;466;2395;-789
382;452;2400;-780
382;483;2405;-780
397;483;2410;-759
397;483;2414;-781
397;483;2419;-781
412;485;2424;-781
412;485;2429;-781
387;449;2434;-770
387;449;2439;-770
400;480;2444;-760
415;483;2449;-760
415;483;2453;-779
383;451;2458;-770
383;451;2463;-752
383;451;2468;-752
383;451;2473;-752
395;483;2478;-763
395;483;2483;-774
413;484;2488;-774
413;484;2492;-774
388;452;2497;-774
397;482;2502;-759
414;482;2507;-770
414;482;2512;-770
414;482;2517;-776
404;467;2522;-776
398;476;2527;-755
398;476;2531;-755
398;476;2536;-765
398;476;2541;-765
414;480;2546;-765
411;468;2551;-774
411;468;2556;-774
395;475;2561;-758
395;475;2565;-764
412;483;2570;-764
412;483;2575;-764
406;472;2580;-776
406;472;2585;-756
406;472;2590;-756
387;446;2595;-756
387;446;2600;-756
407;478;2604;-765
405;475;2609;-781
405;475;2614;-786
405;475;2619;-786
390;449;2624;-786
407;477;2629;-770
407;477;2634;-783
407;477;2639;-783
407;477;2643;-783
406;472;2648;-783
390;444;2653;-778
394;466;2658;-762
394;466;2663;-762
394;466;2668;-775
412;472;2673;-775
393;447;2678;-775
393;447;2682;-782
393;447;2687;-782
393;447;2692;-758
391;469;2697;-758
408;478;2702;-776
408;451;2707;-776
390;451;2712;-776
390;451;2717;-776
390;451;2721;-754
386;473;2726;-779
386;473;2731;-779
410;491;2736;-779
410;491;2741;-788
389;454;2746;-763
386;471;2751;-763
386;471;2756;-763
386;471;2760;-766
408;482;2765;-783
396;451;2770;-783
396;451;2775;-783
396;451;2780;-760
388;464;2785;-760
413;482;2790;-760
413;482;2795;-760
413;482;2799;-760
416;477;2804;-783
385;459;2809;-759
385;459;2814;-759
385;459;2819;-759
409;478;2824;-759
409;476;2829;-773
409;476;2834;-773
409;476;2838;-762
409;476;2843;-762
384;458;2848;-762
407;484;2853;-761
407;480;2858;-761
412;480;2863;-776
412;480;2868;-765
395;456;2873;-765
395;479;2877;-765
403;479;2882;-758
403;479;2887;-770
403;479;2892;-770
411;479;2897;-770
411;455;2902;-770
398;455;2907;-784
402;482;2912;-760
402;482;2916;-773
409;483;2921;-773
409;483;2926;-773
401;456;2931;-787
401;456;2936;-754
401;456;2941;-754
401;454;2946;-754
382;454;2951;-754
412;485;2955;-779
403;461;2960;-784
403;461;2965;-784
403;461;2970;-772
384;455;2975;-767
420;482;2980;-767
420;482;2985;-767
420;482;2989;-767
420;482;2994;-780
400;458;2999;-780
390;454;3004;-773
404;482;3009;-754
404;482;3014;-754
405;461;3019;-786
405;461;3024;-786
405;461;3028;-786
405;461;3033;-764
388;457;3038;-764
388;457;3043;-755
395;480;3048;-755
410;465;3053;-775
410;465;3058;-775
373;457;3063;-767
373;457;3067;-754
373;457;3072;-754
398;496;3077;-754
398;496;3082;-754
409;487;3087;-780
409;487;3092;-780
385;458;3097;-776
385;458;3102;-776
398;487;3106;-774
417;473;3111;-775
417;473;3116;-779
417;473;3121;-779
417;450;3126;-779
392;450;3131;-750
392;466;3136;-765
402;466;3141;-765
402;466;3145;-765
413;467;3150;-765
408;467;3155;-765
396;477;3160;-756
396;477;3165;-756
396;477;3170;-770
416;477;3175;-770
392;456;3180;-779
392;456;3184;-779
392;456;3189;-766
392;456;3194;-766
389;473;3199;-766
407;473;3204;-770
407;473;3209;-770
399;465;3214;-777
399;465;3219;-755
393;454;3223;-755
393;454;3228;-755
417;483;3233;-755
417;483;3238;-764
417;483;3243;-764
411;473;3248;-771
411;473;3253;-771
396;448;3258;-776
410;475;3262;-764
410;475;3267;-777
410;475;3272;-777
403;472;3277;-777
403;472;3282;-778
403;449;3287;-764
394;449;3292;-764
394;449;3297;-764
395;473;3301;-764
409;482;3306;-777
395;457;3311;-782
395;457;3316;-782
395;457;3321;-765
393;481;3326;-782
405;473;3331;-782
405;473;3336;-782
405;473;3340;-782
405;473;3345;-792
392;445;3350;-792
387;465;3355;-776
387;474;3360;-776
408;474;3365;-789
396;440;3370;-788
396;440;3375;-788
396;440;3379;-788
396;440;3384;-755
394;453;3389;-754
394;453;3394;-754
411;474;3399;-754
411;452;3404;-754
399;452;3409;-764
386;465;3413;-754
386;465;3418;-757
386;483;3423;-757
405;483;3428;-757
398;472;3433;-783
398;472;3438;-763
398;472;3443;-763
398;467;3448;-763
375;467;3452;-763
392;486;3457;-757
404;488;3462;-766
404;488;3467;-766
404;488;3472;-756
387;471;3477;-756
406;489;3482;-760
406;489;3487;-760
406;489;3491;-777
406;489;3496;-777
414;488;3501;-777
403;459;3506;-765
403;480;3511;-765
405;480;3516;-758
405;480;3521;-771
416;483;3526;-771
406;456;3530;-771
406;456;3535;-787
406;456;3540;-763
406;456;3545;-763
414;479;3550;-763
420;483;3555;-763
420;483;3560;-776
405;454;3565;-792
405;454;3569;-760
388;449;3574;-760
388;449;3579;-760
416;478;3584;-768
416;478;3589;-778
416;478;3594;-778
406;452;3599;-778
406;452;3604;-778
388;452;3608;-769
413;487;3613;-763
413;487;3618;-763
413;487;3623;-777
399;465;3628;-777
378;454;3633;-764
378;454;3638;-768
378;454;3643;-768
378;454;3647;-768
393;487;3652;-768
396;469;3657;-777
378;453;3662;-776
378;453;3667;-776
378;453;3672;-770
390;482;3677;-770
398;466;3682;-789
398;466;3686;-789
398;466;3691;-778
398;466;3696;-778
389;452;3701;-778
397;474;3706;-778
397;474;3711;-757
412;477;3716;-779
412;477;3721;-773
391;443;3725;-773
391;443;3730;-757
396;466;3735;-757
396;466;3740;-757
396;466;3745;-757
411;474;3750;-764
411;474;3755;-764
383;449;3760;-772
393;476;3764;-749
393;484;3769;-757
413;484;3774;-757
413;484;3779;-757
413;484;3784;-774
413;472;3789;-761
410;472;3794;-761
410;472;3798;-761
395;476;3803;-761
414;487;3808;-772
410;473;3813;-781
410;473;3818;-781
410;473;3823;-758
400;475;3828;-758
420;483;3833;-762
420;483;3837;-762
420;483;3842;-777
420;483;3847;-777
414;474;3852;-777
398;450;3857;-759
398;450;3862;-759
411;483;3867;-768
411;483;3872;-778
404;478;3876;-778
404;478;3881;-778
385;451;3886;-779
385;451;3891;-768
385;451;3896;-768
405;485;3901;-768
405;485;3906;-768
400;480;3911;-781
384;452;3915;-787
384;452;3920;-768
384;452;3925;-768
385;471;3930;-783
407;472;3935;-783
407;472;3940;-783
407;472;3945;-783
407;472;3950;-782
391;446;3954;-782
390;461;3959;-754
412;473;3964;-776
412;473;3969;-776
395;444;3974;-776
395;444;3979;-776
395;444;3984;-776
395;444;3989;-754
391;458;3993;-754
391;458;3998;-769
415;479;4003;-769
395;445;4008;-773
395;462;4013;-773
391;462;4018;-753
391;462;4023;-762
391;462;4027;-782
412;483;4032;-782
412;483;4037;-782
395;454;4042;-782
395;454;4047;-782
388;466;4052;-759
388;488;4057;-759
409;488;4062;-761
409;486;4066;-783
386;460;4071;-763
386;460;4076;-763
386;460;4081;-763
386;460;4086;-761
407;483;4091;-778
407;483;4096;-778
407;484;4101;-778
412;484;4105;-778
383;459;4110;-769
405;481;4115;-764
405;481;4120;-764
405;481;4125;-776
409;483;4130;-776
398;450;4135;-767
398;450;4140;-767
398;450;4144;-760
398;450;4149;-760
407;480;4154;-760
414;483;4159;-771
399;453;4164;-771
399;453;4169;-784
399;453;4174;-756
402;481;4179;-756
412;483;4183;-756
412;483;4188;-769
412;483;4193;-778
412;483;4198;-778
397;459;4203;-778
381;454;4208;-778
381;454;4213;-752
414;485;4218;-767
414;485;4222;-780
398;463;4227;-780
398;463;4232;-780
379;454;4237;-766
379;454;4242;-772
379;454;4247;-772
410;485;4252;-772
410;485;4257;-772
400;461;4261;-785
384;449;4266;-772
384;449;4271;-772
384;449;4276;-768
401;480;4281;-785
408;459;4286;-785
408;459;4291;-785
408;459;4296;-785
408;459;4300;-775
390;444;4305;-775
404;477;4310;-754
409;462;4315;-781
409;462;4320;-781
386;447;4325;-771
386;447;4330;-771
386;447;4335;-771
386;447;4339;-754
398;477;4344;-754
398;477;4349;-782
415;483;4354;-782
382;449;4359;-773
382;449;4364;-773
393;483;4369;-760
393;483;4374;-768
393;483;4378;-768
413;486;4383;-768
413;486;4388;-779
385;447;4393;-759
385;447;4398;-759
394;484;4403;-759
394;484;4408;-759
408;483;4413;-772
406;473;4417;-781
406;473;4422;-746
406;473;4427;-746
396;479;4432;-746
415;483;4437;-765
415;483;4442;-789
415;483;4447;-789
415;483;4452;-789
403;475;4456;-789
392;472;4461;-747
416;484;4466;-762
416;484;4471;-762
416;484;4476;-785
405;474;4481;-785
381;448;4486;-753
381;448;4491;-753
381;448;4495;-751
381;448;4500;-751
417;486;4505;-751
412;470;4510;-785
412;448;4515;-785
389;448;4520;-787
389;448;4525;-754
410;478;4529;-754
410;476;4534;-754
422;476;4539;-775
422;476;4544;-784
422;476;4549;-784
387;444;4554;-784
387;461;4559;-784
389;461;4564;-760
417;482;4568;-772
417;482;4573;-783
417;447;4578;-783
397;447;4583;-760
386;457;4588;-760
386;457;4593;-760
386;457;4598;-760
386;480;4603;-772
409;480;4607;-772
398;456;4612;-780
387;469;4617;-764
387;469;4622;-764
406;481;4627;-774
406;481;4632;-781
406;481;4637;-781
406;481;4642;-781
391;454;4646;-781
391;454;4651;-760
385;468;4656;-760
405;481;4661;-760
405;455;4666;-760
397;455;4671;-789
390;466;4676;-770
390;466;4681;-768
390;466;4685;-768
390;466;4690;-768
407;481;4695;-768
407;481;4700;-768
409;478;4705;-779
409;461;4710;-779
386;461;4715;-756
409;486;4720;-758
414;482;4724;-778
414;482;4729;-778
414;482;4734;-778
414;482;4739;-772
385;451;4744;-765
385;451;4749;-765
385;478;4754;-765
400;478;4759;-765
406;480;4763;-770
390;453;4768;-759
390;453;4773;-759
390;453;4778;-756
410;489;4783;-756
418;485;4788;-772
418;485;4793;-772
418;485;4798;-779
418;485;4802;-779
409;459;4807;-779
403;483;4812;-762
409;486;4817;-762
409;486;4822;-767
409;486;4827;-772
392;451;4832;-772
388;451;4836;-772
388;451;4841;-752
388;451;4846;-772
388;451;4851;-772
414;484;4856;-772
406;464;4861;-772
406;464;4866;-785
384;459;4871;-758
384;459;4875;-777
412;481;4880;-777
412;481;4885;-781
399;459;4890;-781
399;459;4895;-781
399;459;4900;-781
388;448;4905;-770
388;448;4910;-770
416;474;4914;-780
397;457;4919;-787
397;457;4924;-766
386;452;4929;-766
386;452;4934;-766
386;452;4939;-755
386;452;4944;-776
401;486;4949;-776
401;486;4953;-776
400;463;4958;-776
385;452;4963;-767
400;482;4968;-762
400;482;4973;-762
400;482;4978;-798
407;480;4983;-798
373;445;4988;-781
373;445;4992;-781
373;445;4997;-753
373;445;5002;-753
389;481;5007;-753
408;489;5012;-760
408;489;5017;-760
396;456;5022;-766
396;456;5027;-752
405;486;5031;-752
405;486;5036;-752
420;485;5041;-769
420;485;5046;-782
420;485;5051;-782
403;463;5056;-782
403;463;5061;-782
386;471;5066;-755
405;481;5070;-761
405;481;5075;-780
405;481;5080;-780
401;471;5085;-780
395;478;5090;-750
395;478;5095;-763
395;478;5100;-763
395;478;5105;-763
417;489;5109;-763
412;477;5114;-780
387;446;5119;-753
387;446;5124;-753
387;446;5129;-758
417;479;5134;-758
415;470;5139;-777
415;470;5144;-777
415;470;5148;-780
415;470;5153;-780
393;444;5158;-780
417;486;5163;-767
417;482;5168;-767
412;482;5173;-782
412;482;5178;-778
387;450;5183;-778
387;470;5187;-778
388;470;5192;-755
388;470;5197;-780
388;470;5202;-780
410;480;5207;-780
410;448;5212;-780
389;448;5217;-785
386;467;5222;-774
386;467;5226;-788
386;481;5231;-788
408;481;5236;-788
384;449;5241;-788
384;449;5246;-788
384;449;5251;-788
384;468;5256;-757
383;468;5261;-757
411;481;5265;-776
391;449;5270;-783
391;449;5275;-783
391;449;5280;-758
391;449;5285;-758
384;462;5290;-758
384;462;5295;-780
409;479;5299;-780
409;479;5304;-788
388;449;5309;-788
382;459;5314;-755
409;487;5319;-755
409;487;5324;-754
409;487;5329;-779
409;487;5334;-779
398;453;5338;-779
398;453;5343;-757
385;459;5348;-762
385;459;5353;-762
411;485;5358;-762
414;481;5363;-762
414;481;5368;-787
383;456;5373;-758
383;456;5377;-754
409;483;5382;-754
409;483;5387;-754
417;483;5392;-769
417;483;5397;-765
417;483;5402;-765
417;458;5407;-765
386;458;5412;-765
410;483;5416;-759
415;488;5421;-774
415;488;5426;-774
415;488;5431;-763
397;455;5436;-763
405;477;5441;-753
405;477;5446;-753
405;477;5450;-773
405;477;5455;-773
410;481;5460;-773
396;455;5465;-787
403;486;5470;-787
403;486;5475;-761
403;486;5480;-775
414;487;5485;-775
401;457;5489;-775
401;457;5494;-789
401;457;5499;-755
401;457;5504;-755
379;451;5509;-755
413;490;5514;-755
413;490;5519;-772
403;462;5524;-785
403;462;5528;-770
377;453;5533;-770
377;453;5538;-770
414;487;5543;-770
414;487;5548;-768
414;487;5553;-768
403;461;5558;-787
403;461;5563;-787
380;446;5567;-771
398;478;5572;-768
398;478;5577;-784
398;478;5582;-784
398;465;5587;-784
404;465;5592;-767
404;465;5597;-749
379;449;5601;-749
379;449;5606;-749
398;482;5611;-749
405;467;5616;-781
387;449;5621;-769
387;449;5626;-769
387;449;5631;-753
402;479;5636;-753
421;482;5640;-783
421;482;5645;-783
421;482;5650;-778
421;482;5655;-778
385;444;5660;-778
399;476;5665;-755
399;476;5670;-755
417;483;5675;-771
417;483;5679;-777
386;446;5684;-777
386;446;5689;-777
397;475;5694;-754
397;475;5699;-766
397;475;5704;-766
416;484;5709;-766
416;484;5714;-766
407;471;5718;-776
394;478;5723;-754
394;478;5728;-769
394;478;5733;-769
414;480;5738;-769
402;468;5743;-785
402;468;5748;-756
402;468;5753;-756
402;468;5757;-756
387;477;5762;-756
411;489;5767;-767
406;472;5772;-779
406;472;5777;-779
406;472;5782;-755
386;449;5787;-755
415;484;5792;-763
415;484;5796;-763
415;484;5801;-784
415;484;5806;-784
408;477;5811;-784
387;448;5816;-779
387;485;5821;-779
413;485;5826;-762
413;485;5830;-781
411;476;5835;-781
411;441;5840;-781
387;441;5845;-782
387;441;5850;-761
387;441;5855;-761
390;472;5860;-761
390;476;5865;-761
410;476;5869;-780
390;449;5874;-779
390;449;5879;-755
390;465;5884;-755
388;465;5889;-755
414;474;5894;-778
414;474;5899;-782
414;474;5904;-782
414;448;5908;-782
393;448;5913;-782
387;464;5918;-758
412;486;5923;-777
412;486;5928;-777
412;486;5933;-777
391;447;5938;-777
382;463;5943;-777
382;463;5947;-755
382;463;5952;-755
382;463;5957;-756
410;488;5962;-756
392;450;5967;-788
392;461;5972;-788
383;461;5977;-764
383;461;5982;-765
383;461;5986;-765
408;483;5991;-765
408;483;5996;-789
409;481;6001;-757
409;481;6006;-757
382;458;6011;-757
382;485;6016;-757
409;485;6021;-757
416;486;6025;-771
416;486;6030;-765
416;453;6035;-765
381;453;6040;-765
407;482;6045;-758
407;482;6050;-778
407;482;6055;-778
407;482;6060;-778
410;482;6064;-778
392;451;6069;-763
405;485;6074;-751
405;485;6079;-751
405;485;6084;-767
416;488;6089;-767
399;453;6094;-785
399;453;6098;-785
399;453;6103;-754
399;453;6108;-754
407;486;6113;-754
419;488;6118;-771
404;458;6123;-771
404;458;6128;-787
404;458;6133;-755
381;450;6137;-755
418;485;6142;-755
418;485;6147;-766
418;485;6152;-787
418;485;6157;-787
403;457;6162;-787
384;451;6167;-787
384;451;6172;-768
416;487;6176;-774
416;487;6181;-788
403;461;6186;-788
403;461;6191;-788
380;446;6196;-768
380;446;6201;-769
380;446;6206;-769
398;478;6211;-769
398;478;6215;-769
398;461;6220;-788
380;448;6225;-773
380;448;6230;-756
380;448;6235;-756
398;478;6240;-788
403;465;6245;-788
403;465;6250;-788
403;465;6254;-788
403;465;6259;-773
378;446;6264;-773
395;473;6269;-755
415;486;6274;-787
415;486;6279;-787
383;445;6284;-772
383;445;6289;-772
383;445;6293;-772
383;445;6298;-754
397;473;6303;-754
397;473;6308;-768
415;484;6313;-768
383;448;6318;-775
383;448;6323;-775
395;477;6328;-752
395;477;6332;-762
395;477;6337;-762
416;485;6342;-762
416;485;6347;-762
409;469;6352;-777
409;469;6357;-777
394;476;6362;-758
394;476;6367;-758
414;486;6371;-768
407;470;6376;-783
407;470;6381;-751
407;470;6386;-751
407;475;6391;-751
393;475;6396;-763
393;487;6401;-777
417;487;6406;-777
417;487;6410;-777
411;476;6415;-777
387;448;6420;-756
414;486;6425;-766
414;486;6430;-766
414;486;6435;-783
406;472;6440;-783
386;444;6445;-781
386;444;6449;-781
386;444;6454;-763
386;444;6459;-763
414;484;6464;-763
409;477;6469;-780
409;450;6474;-780
390;450;6479;-780
390;450;6483;-765
390;474;6488;-765
390;473;6493;-765
409;473;6498;-781
409;473;6503;-780
409;473;6508;-780
386;448;6513;-780
386;467;6518;-780
386;467;6522;-755
407;478;6527;-780
407;478;6532;-782
407;448;6537;-782
388;448;6542;-782
387;469;6547;-782
387;469;6552;-756
387;469;6557;-756
387;484;6561;-780
413;484;6566;-780
387;450;6571;-784
383;463;6576;-755
383;463;6581;-755
383;463;6586;-760
383;463;6591;-783
412;485;6596;-783
412;485;6600;-783
395;449;6605;-783
395;449;6610;-759
388;464;6615;-759
413;487;6620;-759
413;484;6625;-759
414;484;6630;-782
387;461;6635;-758
387;461;6639;-758
387;461;6644;-758
387;461;6649;-758
409;483;6654;-777
409;483;6659;-777
413;482;6664;-777
380;460;6669;-777
380;460;6674;-764
404;487;6678;-760
404;487;6683;-778
411;483;6688;-778
411;483;6693;-778
394;453;6698;-760
394;453;6703;-758
394;453;6708;-758
394;485;6713;-758
407;485;6717;-758
414;484;6722;-775
396;454;6727;-784
396;454;6732;-784
396;454;6737;-755
408;483;6742;-755
416;481;6747;-773
416;481;6752;-773
416;481;6756;-785
416;481;6761;-785
397;452;6766;-785
382;455;6771;-754
414;486;6776;-754
414;486;6781;-774
414;486;6786;-786
399;455;6791;-786
380;450;6795;-786
380;450;6800;-769
380;450;6805;-773
380;450;6810;-773
414;484;6815;-773
398;460;6820;-773
398;460;6825;-788
380;452;6830;-765
380;452;6834;-769
400;482;6839;-769
400;482;6844;-786
400;459;6849;-786
400;459;6854;-786
400;459;6859;-786
380;450;6864;-767
380;450;6868;-767
402;483;6873;-754
401;464;6878;-791
401;451;6883;-769
383;451;6888;-769
383;451;6893;-756
383;451;6898;-756
383;451;6903;-756
402;478;6907;-756
402;478;6912;-785
417;486;6917;-785
382;449;6922;-769
399;482;6927;-753
399;482;6932;-753
417;485;6937;-766
417;485;6942;-766
417;485;6946;-766
417;485;6951;-774
382;448;6956;-774
382;448;6961;-756
396;477;6966;-756
414;484;6971;-768
414;484;6976;-768
403;466;6981;-775
403;466;6985;-754
403;466;6990;-754
394;478;6995;-754
394;478;7000;-766
414;486;7005;-785
414;486;7010;-785
406;470;7015;-785
406;470;7020;-785
392;474;7024;-754
413;484;7029;-767
413;484;7034;-785
413;484;7039;-785
405;471;7044;-785
383;444;7049;-752
383;444;7054;-765
383;444;7059;-765
383;444;7063;-765
415;489;7068;-765
410;475;7073;-781
387;446;7078;-778
387;446;7083;-778
387;446;7088;-763
416;484;7093;-763
409;472;7098;-782
409;472;7102;-782
409;472;7107;-780
409;472;7112;-780
388;446;7117;-780
387;469;7122;-764
387;478;7127;-764
411;478;7132;-781
411;478;7137;-783
387;448;7141;-783
387;470;7146;-753
389;470;7151;-753
389;470;7156;-753
389;470;7161;-753
411;477;7166;-780
411;447;7171;-780
389;447;7176;-780
386;468;7180;-756
414;485;7185;-780
414;485;7190;-780
414;485;7195;-783
414;485;7200;-783
387;444;7205;-783
387;444;7210;-783
387;463;7215;-757
387;463;7219;-757
411;486;7224;-778
391;451;7229;-785
391;451;7234;-785
385;464;7239;-756
385;464;7244;-756
385;464;7249;-758
385;464;7254;-758
411;484;7258;-785
411;484;7263;-785
393;449;7268;-785
382;461;7273;-759
412;483;7278;-759
412;483;7283;-759
412;483;7288;-782
414;483;7293;-782
382;458;7297;-782
382;458;7302;-759
382;458;7307;-756
382;458;7312;-756
409;485;7317;-756
412;483;7322;-756
412;483;7327;-778
381;456;7331;-759
381;456;7336;-758
407;486;7341;-758
407;486;7346;-758
414;482;7351;-773
414;482;7356;-786
414;482;7361;-786
396;453;7366;-786
396;453;7370;-786
407;484;7375;-755
414;482;7380;-775
414;482;7385;-786
414;482;7390;-786
399;457;7395;-786
381;452;7400;-757
381;452;7405;-772
381;452;7409;-772
381;452;7414;-772
417;487;7419;-772
397;457;7424;-786
380;457;7429;-754
380;457;7434;-754
380;457;7439;-771
415;487;7444;-785
400;455;7448;-785
400;455;7453;-785
400;455;7458;-785
400;455;7463;-767
382;452;7468;-767
417;486;7473;-771
417;486;7478;-771
400;457;7483;-787
383;451;7487;-765
383;451;7492;-765
383;451;7497;-771
383;451;7502;-771
402;482;7507;-771
402;482;7512;-771
401;462;7517;-789
401;462;7522;-789
382;448;7526;-767
402;483;7531;-751
402;463;7536;-785
400;463;7541;-785
400;463;7546;-785
400;463;7551;-768
400;447;7556;-754
380;447;7561;-754
380;447;7565;-754
399;481;7570;-754
417;485;7575;-787
382;448;7580;-770
382;448;7585;-770
382;448;7590;-753
397;479;7595;-753
418;486;7600;-770
418;486;7604;-770
418;486;7609;-774
418;486;7614;-774
380;448;7619;-774
397;481;7624;-753
397;481;7629;-753
417;486;7634;-766
417;486;7639;-774
407;470;7643;-774
407;470;7648;-774
394;478;7653;-751
394;478;7658;-766
394;478;7663;-766
416;485;7668;-766
416;485;7673;-766
406;470;7678;-783
392;474;7682;-755
392;474;7687;-765
392;474;7692;-765
416;488;7697;-765
406;472;7702;-785
406;472;7707;-753
406;472;7712;-753
406;472;7717;-753
384;448;7721;-753
418;486;7726;-766
408;472;7731;-783
408;472;7736;-783
408;472;7741;-777
385;446;7746;-777
415;485;7751;-777
415;485;7756;-763
415;485;7760;-763
415;485;7765;-782
407;477;7770;-782
385;445;7775;-778
385;472;7780;-778
388;472;7785;-763
388;472;7790;-782
388;472;7794;-782
409;477;7799;-782
409;477;7804;-780
384;444;7809;-780
384;444;7814;-780
388;468;7819;-753
410;475;7824;-753
410;475;7829;-783
387;445;7833;-783
387;445;7838;-755
387;445;7843;-755
388;468;7848;-755
388;468;7853;-755
413;484;7858;-780
413;484;7863;-780
388;449;7868;-779
388;449;7872;-779
388;464;7877;-754
416;486;7882;-758
416;486;7887;-758
416;486;7892;-784
416;486;7897;-784
389;448;7902;-756
389;448;7907;-756
383;460;7911;-760
383;460;7916;-760
410;486;7921;-760
410;483;7926;-783
385;462;7931;-783
385;462;7936;-759
385;462;7941;-757
410;487;7946;-757
414;481;7950;-757
414;481;7955;-778
414;481;7960;-757
414;481;7965;-757
385;459;7970;-757
409;484;7975;-757
409;484;7980;-759
414;483;7985;-776
414;483;7989;-761
394;451;7994;-761
394;451;7999;-761
409;483;8004;-755
409;483;8009;-775
409;483;8014;-775
415;483;8019;-775
415;483;8024;-775
395;454;8028;-788
407;487;8033;-758
407;487;8038;-778
407;487;8043;-778
414;484;8048;-778
397;452;8053;-785
397;452;8058;-757
397;452;8063;-757
397;452;8067;-757
379;456;8072;-757
418;486;8077;-774
398;458;8082;-785
398;458;8087;-785
398;458;8092;-763
385;455;8097;-763
413;481;8102;-763
413;481;8106;-775
413;481;8111;-775
413;481;8116;-787
398;459;8121;-787
378;453;8126;-765
378;453;8131;-765
403;485;8136;-772
403;485;8141;-788
403;485;8145;-788
396;458;8150;-788
396;458;8155;-765
380;450;8160;-754
380;450;8165;-754
403;482;8170;-754
403;482;8175;-754
401;460;8180;-788
381;449;8184;-765
381;449;8189;-754
381;449;8194;-754
403;484;8199;-754
418;487;8204;-785
418;487;8209;-769
418;487;8214;-769
418;487;8219;-769
379;448;8223;-769
399;481;8228;-754
415;486;8233;-771
415;486;8238;-771
415;486;8243;-772
379;444;8248;-753
397;478;8253;-753
397;478;8257;-753
397;478;8262;-753
397;478;8267;-768
416;484;8272;-768
406;467;8277;-771
406;483;8282;-771
399;483;8287;-752
418;489;8292;-768
418;489;8296;-768
418;489;8301;-768
418;489;8306;-783
406;466;8311;-754
406;466;8316;-754
395;477;8321;-754
395;487;8326;-754
416;487;8331;-765
403;468;8335;-785
403;468;8340;-752
403;447;8345;-752
381;447;8350;-752
415;487;8355;-768
415;487;8360;-786
415;487;8365;-786
415;474;8370;-786
409;474;8374;-786
383;446;8379;-774
417;489;8384;-763
417;489;8389;-763
417;489;8394;-785
406;471;8399;-785
385;445;8404;-778
385;445;8409;-778
385;445;8413;-764
385;445;8418;-764
393;470;8423;-764
408;473;8428;-784
384;445;8433;-784
384;445;8438;-779
384;445;8443;-754
388;475;8447;-754
410;475;8452;-754
410;475;8457;-779
410;475;8462;-781
410;475;8467;-781
386;447;8472;-781
388;471;8477;-781
388;471;8482;-753
413;485;8486;-781
413;485;8491;-777
387;444;8496;-777
387;444;8501;-755
386;467;8506;-755
386;467;8511;-755
386;467;8516;-755
386;487;8521;-759
415;487;8525;-759
387;447;8530;-784
387;466;8535;-754
387;466;8540;-754
413;489;8545;-761
413;489;8550;-761
413;489;8555;-783
413;489;8560;-783
413;479;8564;-755
413;479;8569;-755
384;464;8574;-755
413;487;8579;-761
414;482;8584;-761
414;482;8589;-781
414;482;8594;-756
384;463;8599;-756
412;485;8603;-756
412;485;8608;-759
412;485;8613;-777
412;485;8618;-777
412;483;8623;-777
391;449;8628;-756
391;449;8633;-756
411;481;8638;-760
411;481;8642;-777
412;484;8647;-777
412;484;8652;-777
393;451;8657;-784
393;451;8662;-758
393;451;8667;-758
411;488;8672;-758
411;488;8677;-758
414;486;8681;-775
395;454;8686;-782
395;454;8691;-759
395;454;8696;-759
382;455;8701;-759
415;484;8706;-778
415;484;8711;-787
415;484;8716;-787
415;484;8720;-787
393;450;8725;-787
382;457;8730;-761
416;486;8735;-775
416;486;8740;-775
416;486;8745;-784
395;457;8750;-784
383;456;8755;-761
383;456;8759;-761
383;456;8764;-774
383;456;8769;-774
408;486;8774;-774
398;458;8779;-789
398;458;8784;-789
381;455;8789;-764
381;455;8793;-755
404;484;8798;-755
404;484;8803;-785
397;456;8808;-785
397;456;8813;-785
397;456;8818;-785
379;451;8823;-766
379;451;8828;-766
402;482;8832;-754
416;485;8837;-786
416;451;8842;-766
378;451;8847;-766
378;451;8852;-755
378;451;8857;-755
378;483;8862;-755
402;483;8867;-755
402;483;8871;-771
418;486;8876;-771
381;451;8881;-766
402;485;8886;-754
402;485;8891;-754
417;489;8896;-769
417;489;8901;-769
417;489;8905;-770
417;489;8910;-770
400;461;8915;-752
400;461;8920;-752
398;480;8925;-752
418;487;8930;-772
418;466;8935;-772
402;466;8940;-787
402;466;8944;-752
398;479;8949;-752
398;485;8954;-752
416;485;8959;-769
416;485;8964;-788
416;485;8969;-788
405;468;8974;-788
405;448;8979;-788
385;448;8983;-751
416;486;8988;-767
416;486;8993;-784
416;467;8998;-784
405;467;9003;-784
383;443;9008;-773
383;443;9013;-766
383;443;9018;-766
383;487;9022;-766
413;487;9027;-766
407;469;9032;-784
383;447;9037;-774
383;447;9042;-774
383;447;9047;-765
394;478;9052;-765
405;470;9057;-783
405;470;9061;-783
405;470;9066;-777
405;470;9071;-777
383;449;9076;-777
392;475;9081;-754
406;475;9086;-754
406;475;9091;-784
406;475;9096;-777
385;447;9100;-777
390;471;9105;-777
390;471;9110;-754
390;471;9115;-754
390;471;9120;-782
416;483;9125;-782
386;445;9130;-782
386;445;9135;-778
392;471;9139;-757
392;471;9144;-762
392;471;9149;-762
414;486;9154;-778
414;486;9159;-778
387;444;9164;-778
387;444;9169;-778
390;468;9174;-752
390;468;9178;-752
414;486;9183;-763
410;480;9188;-777
410;480;9193;-777
388;469;9198;-756
388;469;9203;-756
388;469;9208;-761
388;469;9213;-779
414;485;9217;-779
414;485;9222;-779
412;478;9227;-779
387;466;9232;-754
413;485;9237;-760
413;485;9242;-760
413;485;9247;-781
411;480;9252;-781
392;448;9256;-754
392;448;9261;-754
392;448;9266;-761
392;448;9271;-761
412;486;9276;-761
414;481;9281;-761
414;481;9286;-777
391;449;9290;-784
391;449;9295;-760
411;484;9300;-760
411;484;9305;-760
411;481;9310;-781
411;481;9315;-787
411;481;9320;-787
391;450;9325;-787
391;450;9329;-787
382;459;9334;-758
414;483;9339;-776
414;483;9344;-784
414;483;9349;-784
394;454;9354;-784
383;458;9359;-759
383;458;9364;-776
383;458;9368;-776
383;458;9373;-776
412;483;9378;-776
394;455;9383;-784
382;456;9388;-761
382;456;9393;-761
382;456;9398;-772
406;486;9403;-784
395;456;9407;-784
395;456;9412;-784
395;456;9417;-784
395;456;9422;-761
382;454;9427;-761
407;485;9432;-756
407;485;9437;-756
399;454;9442;-784
382;452;9446;-760
382;452;9451;-760
382;452;9456;-760
382;452;9461;-754
405;481;9466;-784
405;481;9471;-784
415;483;9476;-784
415;483;9481;-784
383;453;9485;-764
405;485;9490;-754
405;485;9495;-785
405;485;9500;-785
414;487;9505;-785
382;451;9510;-765
382;451;9515;-757
382;451;9520;-757
382;451;9524;-757
403;486;9529;-757
417;486;9534;-771
381;450;9539;-767
381;450;9544;-767
381;450;9549;-754
402;479;9554;-754
416;485;9559;-771
416;485;9563;-771
416;485;9568;-785
416;485;9573;-785
402;462;9578;-785
400;483;9583;-752
400;487;9588;-752
416;487;9593;-768
416;487;9598;-786
401;463;9602;-786
401;445;9607;-786
380;445;9612;-751
380;445;9617;-771
380;445;9622;-771
415;485;9627;-771
415;467;9632;-771
405;467;9637;-785
381;447;9641;-754
381;447;9646;-765
381;487;9651;-765
419;487;9656;-765
405;468;9661;-785
405;468;9666;-773
405;468;9671;-773
405;447;9676;-773
380;447;9680;-773
414;482;9685;-770
405;470;9690;-784
405;470;9695;-784
405;470;9700;-773
383;446;9705;-765
396;475;9710;-765
396;475;9714;-765
396;475;9719;-765
396;475;9724;-787
406;471;9729;-787
384;448;9734;-775
396;477;9739;-775
396;477;9744;-748
408;474;9749;-782
408;474;9753;-782
408;474;9758;-782
408;474;9763;-775
386;445;9768;-775
386;445;9773;-753
390;474;9778;-753
415;487;9783;-753
415;487;9788;-784
386;445;9792;-778
386;445;9797;-752
386;445;9802;-752
389;474;9807;-752
389;474;9812;-764
414;485;9817;-776
414;485;9822;-776
386;449;9827;-776
386;449;9831;-776
389;471;9836;-756
417;483;9841;-764
417;483;9846;-778
417;483;9851;-778
406;474;9856;-778
388;468;9861;-754
388;468;9866;-765
388;468;9870;-765
388;468;9875;-765
415;486;9880;-765
410;478;9885;-780
389;466;9890;-752
389;466;9895;-752
389;466;9900;-763
415;488;9905;-763
411;476;9909;-780
411;476;9914;-780
411;476;9919;-754
411;476;9924;-754
388;446;9929;-754
412;485;9934;-760
412;485;9939;-760
410;481;9944;-778
410;481;9948;-781
388;449;9953;-781
388;449;9958;-759
416;485;9963;-759
416;485;9968;-759
416;485;9973;-759
412;482;9978;-779
412;482;9983;-779
391;451;9987;-782
386;463;9992;-761
386;482;9997;-779
413;482;10002;-779
413;482;10007;-779
413;482;10012;-779
413;446;10017;-785
392;446;10022;-785
392;446;10027;-761
382;461;10032;-761
413;483;10037;-777
394;449;10042;-782
394;449;10047;-782
394;449;10052;-757
394;449;10057;-757
384;458;10062;-775
384;458;10066;-785
409;487;10071;-785
409;487;10076;-785
393;450;10081;-785
383;458;10086;-759
408;486;10091;-754
408;486;10096;-754
408;486;10101;-786
395;455;10106;-786
381;454;10111;-760
381;454;10116;-760
381;454;10121;-757
381;454;10126;-757
406;488;10131;-757
416;485;10136;-788
416;452;10141;-788
379;452;10146;-762
379;452;10151;-754
408;483;10156;-754
415;485;10161;-773
415;485;10166;-773
415;485;10171;-763
415;485;10176;-763
380;450;10181;-763
406;485;10186;-754
406;485;10191;-754
417;486;10195;-772
417;486;10200;-764
396;456;10205;-764
396;456;10210;-764
404;482;10215;-751
404;482;10220;-773
404;482;10225;-773
416;485;10230;-773
416;459;10235;-787
401;459;10240;-787
401;485;10245;-752
401;485;10250;-769
417;487;10255;-769
417;487;10260;-787
400;458;10265;-787
400;458;10270;-787
400;458;10275;-752
381;449;10280;-752
381;449;10285;-752
417;486;10290;-770
403;461;10295;-784
380;449;10300;-768
380;449;10305;-768
380;449;10310;-770
380;449;10315;-770
418;483;10319;-770
418;483;10324;-770
404;462;10329;-788
404;462;10334;-788
381;444;10339;-773
398;484;10344;-769
398;467;10349;-785
405;467;10354;-785
405;467;10359;-785
405;467;10364;-785
405;445;10369;-772
381;445;10374;-772
381;445;10379;-753
398;480;10384;-753
405;466;10389;-785
382;444;10394;-776
382;444;10399;-754
382;444;10404;-754
382;444;10409;-754
394;479;10414;-785
394;479;10419;-776
417;486;10424;-776
417;486;10429;-776
382;442;10434;-776
394;479;10439;-751
418;487;10443;-767
418;487;10448;-767
418;487;10453;-774
383;445;10458;-774
391;476;10463;-753
391;476;10468;-763
391;476;10473;-763
391;476;10478;-763
418;485;10483;-763
407;473;10488;-777
392;472;10493;-753
392;472;10498;-753
392;472;10503;-765
415;484;10508;-765
408;473;10513;-782
408;473;10518;-782
408;473;10523;-753
408;473;10528;-753
388;472;10533;-753
416;485;10538;-763
416;477;10543;-782
408;477;10548;-782
408;477;10553;-754
386;449;10558;-762
414;484;10563;-762
414;484;10567;-762
414;484;10572;-762
414;484;10577;-781
410;475;10582;-781
386;446;10587;-780
386;446;10592;-780
412;489;10597;-763
410;476;10602;-783
410;476;10607;-783
410;476;10612;-783
410;476;10617;-782
387;445;10622;-782
387;445;10627;-762
386;465;10632;-762
386;480;10637;-781
412;480;10642;-781
389;449;10647;-784
389;449;10652;-755
389;449;10657;-755
384;462;10662;-755
384;462;10667;-778
412;481;10672;-785
412;481;10677;-785
391;450;10682;-785
391;450;10687;-785
384;462;10692;-758
413;485;10696;-779
413;485;10701;-785
413;450;10706;-785
389;450;10711;-785
383;458;10716;-758
383;458;10721;-758
383;458;10726;-758
412;487;10731;-758
412;487;10736;-758
393;453;10741;-784
384;461;10746;-759
384;461;10751;-757
384;461;10756;-757
411;485;10761;-786
415;481;10766;-786
415;481;10771;-786
415;481;10776;-786
415;481;10781;-759
382;457;10786;-759
410;488;10791;-755
413;486;10796;-776
413;486;10801;-761
382;456;10806;-761
382;456;10811;-761
382;456;10816;-756
382;456;10820;-775
408;483;10825;-775
408;483;10830;-775
416;483;10835;-775
395;454;10840;-763
405;488;10845;-753
405;488;10850;-753
405;488;10855;-775
417;485;10860;-775
398;454;10865;-785
398;454;10870;-753
398;454;10875;-753
398;454;10880;-753
405;484;10885;-753
416;486;10890;-773
400;457;10895;-788
400;457;10900;-788
400;457;10905;-752
379;450;10910;-752
417;483;10915;-771
417;483;10920;-771
417;483;10925;-787
417;483;10930;-787
401;463;10935;-787
380;450;10940;-770
380;485;10944;-770
416;485;10949;-770
416;485;10954;-786
402;462;10959;-786
381;446;10964;-768
381;446;10969;-768
381;446;10974;-768
381;446;10979;-768
402;482;10984;-768
402;463;10989;-785
402;463;10994;-785
381;448;10999;-770
381;448;11004;-751
400;482;11009;-787
400;466;11014;-787
405;466;11019;-787
405;466;11024;-787
405;466;11029;-771
380;444;11034;-771
380;482;11039;-751
397;482;11044;-751
416;488;11049;-786
382;446;11054;-776
382;446;11059;-776
382;446;11064;-776
382;446;11069;-776
395;474;11073;-752
395;474;11078;-752
416;486;11083;-766
416;486;11088;-766
383;447;11093;-772
394;477;11098;-754
394;477;11103;-766
394;477;11108;-766
416;487;11113;-766
416;487;11118;-778
409;472;11123;-753
409;472;11128;-753
393;474;11133;-753
393;474;11138;-753
416;485;11143;-763
407;473;11148;-787
407;473;11153;-752
407;473;11158;-752
389;470;11163;-752
414;485;11168;-763
414;485;11173;-782
414;485;11178;-782
414;485;11183;-782
410;472;11188;-782
384;447;11193;-754
415;487;11197;-762
415;487;11202;-762
415;487;11207;-762
410;474;11212;-784
386;446;11217;-778
386;446;11222;-761
386;446;11227;-761
386;446;11232;-761
416;485;11237;-761
411;480;11242;-780
411;480;11247;-781
411;480;11252;-781
387;450;11257;-764
388;467;11262;-764
410;476;11267;-779
410;476;11272;-783
410;476;11277;-783
410;476;11282;-783
388;446;11287;-783
387;468;11292;-756
412;480;11297;-777
412;480;11302;-777
412;480;11307;-783
389;449;11312;-783
386;464;11317;-783
386;464;11321;-755
386;464;11326;-755
386;464;11331;-778
413;486;11336;-778
392;449;11341;-787
392;465;11346;-756
383;465;11351;-756
383;465;11356;-760
383;465;11361;-760
410;484;11366;-760
410;484;11371;-782
394;449;11376;-782
394;449;11381;-757
384;460;11386;-757
411;484;11391;-759
411;484;11396;-759
415;483;11401;-786
415;483;11406;-760
415;483;11411;-760
384;459;11416;-760
384;459;11421;-755
409;483;11426;-777
409;483;11431;-777
413;483;11436;-777
413;457;11441;-761
379;457;11446;-761
409;486;11450;-758
409;486;11455;-774
414;483;11460;-774
414;483;11465;-774
394;449;11470;-763
394;449;11475;-754
394;449;11480;-754
406;485;11485;-754
406;485;11490;-754
413;484;11495;-774
397;455;11500;-785
397;455;11505;-755
397;484;11510;-755
407;484;11515;-755
415;483;11520;-775
415;483;11525;-788
415;483;11530;-788
398;456;11535;-788
398;456;11540;-788
380;451;11545;-754
416;486;11550;-774
416;486;11555;-785
416;486;11560;-785
399;458;11565;-785
378;448;11570;-764
378;448;11574;-773
378;448;11579;-773
378;448;11584;-773
416;487;11589;-773
402;461;11594;-789
381;450;11599;-768
381;450;11604;-771
381;450;11609;-771
403;483;11614;-787
400;462;11619;-787
400;462;11624;-787
400;462;11629;-787
400;462;11634;-768
382;450;11639;-768
401;482;11644;-752
401;463;11649;-786
401;463;11654;-786
380;446;11659;-769
380;446;11664;-769
380;446;11669;-769
380;446;11674;-752
398;479;11679;-752
398;479;11684;-788
416;486;11689;-788
380;446;11694;-772
398;480;11698;-752
398;480;11703;-752
398;480;11708;-772
398;480;11713;-772
419;491;11718;-773
419;491;11723;-773
381;443;11728;-752
381;443;11733;-752
398;479;11738;-752
419;487;11743;-765
419;470;11748;-765
404;470;11753;-776
404;470;11758;-751
393;480;11763;-751
417;484;11768;-767
417;484;11773;-767
417;484;11778;-784
417;484;11783;-784
404;470;11788;-784
391;476;11793;-752
391;476;11798;-752
417;488;11803;-765
417;488;11808;-783
408;472;11813;-783
408;472;11818;-783
383;448;11823;-751
383;448;11827;-765
383;448;11832;-765
417;487;11837;-765
417;474;11842;-782
409;474;11847;-782
384;447;11852;-776
384;447;11857;-764
417;485;11862;-764
417;485;11867;-764
409;474;11872;-782
409;474;11877;-782
409;474;11882;-782
386;447;11887;-782
386;447;11892;-782
389;471;11897;-763
411;479;11902;-782
411;479;11907;-778
411;446;11912;-778
387;446;11917;-760
386;469;11922;-760
386;469;11927;-760
386;469;11932;-760
413;479;11937;-781
413;479;11942;-781
388;444;11947;-779
387;466;11951;-753
387;477;11956;-779
413;477;11961;-779
413;477;11966;-784
413;477;11971;-784
413;447;11976;-784
389;447;11981;-784
389;447;11986;-755
384;463;11991;-755
414;487;11996;-779
390;448;12001;-786
390;448;12006;-755
384;464;12011;-755
384;464;12016;-755
384;464;12021;-761
384;464;12026;-782
410;485;12031;-782
410;485;12036;-782
392;451;12041;-782
384;460;12046;-757
412;487;12051;-754
412;487;12056;-754
412;487;12061;-785
415;484;12066;-785
383;457;12071;-760
383;457;12075;-756
383;457;12080;-756
383;457;12085;-756
409;484;12090;-756
417;485;12095;-776
381;456;12100;-761
381;456;12105;-761
381;456;12110;-754
408;487;12115;-754
417;484;12120;-774
417;484;12125;-774
417;484;12130;-760
417;484;12135;-760
397;454;12140;-760
407;486;12145;-754
407;485;12150;-775
415;485;12155;-775
415;485;12160;-787
398;455;12165;-787
403;484;12170;-753
403;484;12175;-753
403;484;12180;-775
403;484;12185;-775
415;486;12190;-775
400;457;12195;-787
400;457;12200;-787
380;452;12204;-755
380;452;12209;-772
416;486;12214;-786
416;486;12219;-786
398;456;12224;-786
398;456;12229;-786
398;456;12234;-769
381;446;12239;-769
381;487;12244;-771
416;487;12249;-771
402;461;12254;-786
379;449;12259;-766
379;449;12264;-766
379;449;12269;-769
379;449;12274;-769
403;481;12279;-769
403;481;12284;-786
403;464;12289;-786
403;464;12294;-786
381;448;12299;-770
401;482;12304;-752
401;463;12309;-786
401;463;12314;-786
401;463;12319;-786
401;463;12324;-772
379;447;12328;-752
379;447;12333;-752
398;483;12338;-752
398;483;12343;-752
416;487;12348;-787
382;444;12353;-772
382;444;12358;-752
382;444;12363;-752
398;479;12368;-752
418;483;12373;-767
418;483;12378;-774
418;483;12383;-774
418;483;12388;-774
383;447;12393;-774
396;479;12398;-752
417;485;12403;-768
417;485;12408;-774
417;485;12413;-774
407;470;12418;-774
391;477;12423;-751
391;477;12428;-765
391;477;12433;-765
391;477;12438;-765
417;488;12443;-765
406;472;12448;-784
391;476;12452;-753
391;476;12457;-753
391;476;12462;-766
417;487;12467;-766
409;472;12472;-786
409;472;12477;-750
409;472;12482;-750
409;472;12487;-750
384;444;12492;-750
419;488;12497;-761
409;475;12502;-785
409;475;12507;-785
409;475;12512;-779
384;442;12517;-765
417;487;12522;-765
417;487;12527;-765
417;487;12532;-765
417;487;12537;-782
409;476;12542;-782
385;448;12547;-780
385;468;12552;-762
387;468;12557;-762
411;477;12562;-781
411;477;12567;-780
411;477;12572;-780
411;477;12577;-780
387;445;12581;-780
387;445;12586;-753
387;466;12591;-753
411;479;12596;-782
411;479;12601;-782
388;447;12606;-782
385;467;12611;-754
385;467;12616;-754
385;467;12621;-754
385;467;12626;-777
414;483;12631;-784
414;483;12636;-784
391;449;12641;-784
391;463;12646;-755
385;463;12651;-755
412;486;12656;-762
412;486;12661;-785
391;450;12666;-785
391;450;12671;-785
383;459;12676;-756
383;459;12681;-758
383;459;12686;-758
413;485;12691;-758
413;485;12696;-758
414;483;12701;-784
383;457;12705;-759
383;457;12710;-758
383;487;12715;-758
409;487;12720;-758
414;483;12725;-775
414;483;12730;-762
414;483;12735;-762
381;456;12740;-762
381;456;12745;-762
407;488;12750;-754
415;482;12755;-774
415;482;12760;-759
415;482;12765;-759
396;456;12770;-759
407;483;12775;-757
407;483;12780;-776
407;483;12785;-776
407;486;12790;-776
416;486;12795;-776
398;454;12800;-786
408;483;12805;-755
408;483;12810;-771
408;483;12815;-771
416;484;12820;-788
398;453;12825;-788
398;453;12829;-788
398;453;12834;-788
398;453;12839;-754
379;451;12844;-754
418;489;12849;-774
400;459;12854;-785
400;459;12859;-785
380;454;12864;-768
380;454;12869;-768
380;454;12874;-768
380;454;12879;-769
416;486;12884;-769
416;486;12889;-789
402;456;12894;-789
385;448;12899;-766
404;482;12904;-771
404;482;12909;-771
404;482;12914;-788
404;482;12919;-788
402;463;12924;-768
402;463;12929;-768
379;446;12934;-752
379;446;12939;-752
397;480;12944;-752
401;461;12949;-786
401;448;12953;-769
381;448;12958;-769
381;448;12963;-754
397;485;12968;-754
417;485;12973;-785
417;485;12978;-785
417;485;12983;-770
417;485;12988;-770
381;445;12993;-770
399;483;12998;-749
399;483;13003;-749
419;489;13008;-768
419;489;13013;-775
383;444;13018;-775
383;444;13023;-775
396;475;13028;-751
396;475;13033;-768
396;475;13038;-768
418;487;13043;-768
406;469;13048;-777
406;469;13053;-777
395;475;13058;-751
395;475;13063;-763
422;488;13068;-763
422;488;13073;-763
409;472;13078;-783
409;472;13082;-753
409;472;13087;-753
394;476;13092;-753
394;476;13097;-753
416;488;13102;-765
408;474;13107;-785
408;474;13112;-752
408;446;13117;-752
383;446;13122;-752
416;488;13127;-752
416;488;13132;-764
416;488;13137;-764
408;475;13142;-784
408;475;13147;-784
385;444;13152;-782
414;491;13157;-765
414;491;13162;-781
414;491;13167;-781
414;475;13172;-780
408;475;13177;-780
408;445;13182;-780
386;445;13187;-780
386;468;13192;-762
386;468;13197;-762
411;478;13202;-779
386;446;13206;-779
386;446;13211;-754
387;471;13216;-754
387;471;13221;-754
387;471;13226;-781
387;471;13231;-781
412;476;13236;-781
412;476;13241;-781
389;445;13246;-781
387;466;13251;-754
415;486;13256;-779
415;486;13261;-779
415;486;13266;-785
392;450;13271;-757
385;461;13276;-757
385;461;13281;-757
385;461;13286;-757
385;461;13291;-759
412;485;13296;-759
394;445;13301;-783
387;461;13306;-754
387;461;13311;-754
413;486;13316;-755
413;486;13321;-786
413;486;13326;-786
413;486;13330;-786
415;482;13335;-786
415;482;13340;-760
383;460;13345;-760
412;485;13350;-756
412;483;13355;-776
415;483;13360;-776
381;458;13365;-759
381;458;13370;-759
381;458;13375;-754
381;458;13380;-754
410;486;13385;-774
410;486;13390;-774
413;485;13395;-774
397;452;13400;-761
397;452;13405;-761
405;485;13410;-756
405;485;13415;-777
412;484;13420;-777
412;455;13425;-777
395;455;13430;-785
395;455;13435;-758
395;455;13440;-758
406;485;13445;-758
406;485;13450;-775
418;485;13454;-775
400;457;13459;-787
400;457;13464;-754
382;454;13469;-754
382;454;13474;-754
415;483;13479;-775
415;483;13484;-787
415;483;13489;-787
400;458;13494;-787
400;458;13499;-787
380;450;13504;-763
418;489;13509;-772
418;489;13514;-784
418;460;13519;-784
401;460;13524;-766
381;451;13529;-766
381;451;13534;-766
381;451;13539;-766
404;483;13544;-768
404;483;13549;-768
402;461;13554;-784
381;448;13559;-765
381;480;13564;-753
399;480;13569;-753
399;480;13574;-788
399;480;13579;-788
399;463;13583;-788
400;463;13588;-788
400;446;13593;-772
378;446;13598;-772
400;481;13603;-751
419;488;13608;-788
419;488;13613;-771
381;449;13618;-771
381;449;13623;-771
381;449;13628;-755
381;449;13633;-766
398;478;13638;-766
398;478;13643;-766
419;485;13648;-766
380;447;13653;-775
395;476;13658;-752
395;476;13663;-752
395;476;13668;-769
417;487;13673;-769
404;469;13678;-772
404;469;13683;-751
404;469;13688;-751
404;469;13693;-751
392;476;13698;-751
418;490;13703;-766
405;470;13707;-783
405;470;13712;-783
405;470;13717;-751
393;476;13722;-751
416;484;13727;-766
416;484;13732;-766
416;484;13737;-788
416;484;13742;-788
408;475;13747;-788
388;445;13752;-753
388;489;13757;-765
417;489;13762;-765
417;489;13767;-779
410;475;13772;-779
386;446;13777;-778
386;446;13782;-778
386;446;13787;-761
386;446;13792;-761
418;485;13797;-761
409;475;13802;-783
409;475;13807;-783
386;444;13812;-780
386;444;13817;-762
389;469;13822;-777
389;479;13827;-777
411;479;13831;-777
411;479;13836;-777
411;479;13841;-780
388;449;13846;-780
388;470;13851;-753
392;470;13856;-753
411;483;13861;-780
388;446;13866;-785
388;446;13871;-785
388;446;13876;-758
388;446;13881;-758
387;463;13886;-758
387;463;13891;-775
410;482;13896;-775
410;482;13901;-775
392;450;13906;-781
385;467;13911;-758
413;489;13916;-758
413;489;13921;-758
413;489;13926;-784
413;489;13931;-784
393;445;13936;-784
393;445;13941;-784
385;462;13946;-756
385;462;13951;-756
411;488;13956;-760
416;483;13960;-786
416;458;13965;-757
383;458;13970;-757
383;458;13975;-757
383;458;13980;-753
383;483;13985;-777
410;483;13990;-777
410;483;13995;-777
415;483;14000;-777
382;461;14005;-760
409;487;14010;-758
409;487;14015;-775
409;487;14020;-775
417;484;14025;-775
392;451;14030;-763
392;451;14035;-756
392;451;14040;-756
392;451;14045;-756
408;483;14050;-756
413;485;14055;-774
398;458;14060;-786
398;458;14065;-786
398;458;14070;-753
404;488;14075;-753
418;485;14080;-775
418;485;14084;-788
418;485;14089;-788
418;485;14094;-788
398;457;14099;-788
381;451;14104;-755
416;484;14109;-773
416;484;14114;-773
416;484;14119;-788
400;458;14124;-788
378;448;14129;-768
378;448;14134;-768
378;448;14139;-772
378;448;14144;-772
417;485;14149;-772
401;461;14154;-786
401;449;14159;-766
378;449;14164;-766
378;449;14169;-770
403;482;14174;-788
398;458;14179;-788
398;458;14184;-788
398;458;14189;-788
398;458;14194;-768
378;447;14199;-768
402;483;14204;-748
402;483;14209;-748
403;463;14213;-788
381;446;14218;-772
381;446;14223;-772
381;446;14228;-772
381;446;14233;-755
398;479;14238;-755
398;479;14243;-785
420;489;14248;-785
380;447;14253;-772
380;447;14258;-772
399;481;14263;-747
399;481;14268;-766
399;481;14273;-766
421;483;14278;-766
421;483;14283;-769
381;444;14288;-753
381;444;14293;-753
394;478;14298;-753
394;478;14303;-753
417;489;14308;-772
403;467;14313;-774
403;467;14318;-748
403;478;14323;-748
390;478;14328;-748
418;485;14333;-764
418;485;14337;-782
418;485;14342;-782
407;472;14347;-782
407;472;14352;-782
394;478;14357;-754
419;486;14362;-766
419;486;14367;-783
419;486;14372;-783
409;473;14377;-783
383;442;14382;-749
383;442;14387;-763
383;442;14392;-763
383;442;14397;-763
419;485;14402;-763
410;473;14407;-781
386;445;14412;-779
386;445;14417;-765
386;445;14422;-765
414;486;14427;-765
410;471;14432;-783
410;471;14437;-776
410;471;14442;-776
410;471;14447;-776
385;445;14452;-776
389;470;14457;-764
410;477;14461;-784
410;477;14466;-784
410;477;14471;-781
387;444;14476;-761
388;468;14481;-761
388;468;14486;-761
388;468;14491;-761
388;468;14496;-780
409;478;14501;-780
387;449;14506;-780
385;467;14511;-756
385;467;14516;-756
409;479;14521;-779
409;479;14526;-779
409;479;14531;-779
409;479;14536;-784
388;445;14541;-784
388;445;14546;-754
384;463;14551;-754
411;485;14556;-781
411;449;14561;-781
391;449;14566;-781
391;449;14571;-755
391;449;14576;-755
384;464;14581;-758
384;464;14585;-758
412;486;14590;-783
412;486;14595;-783
393;451;14600;-783
385;460;14605;-758
385;460;14610;-758
412;485;14615;-758
412;485;14620;-781
414;485;14625;-781
414;455;14630;-781
383;455;14635;-756
383;455;14640;-760
383;455;14645;-760
412;483;14650;-760
412;485;14655;-776
412;485;14660;-776
381;456;14665;-760
381;456;14670;-755
409;483;14675;-755
409;483;14680;-755
415;485;14685;-776
415;485;14690;-787
415;485;14695;-787
396;453;14700;-787
396;453;14705;-787
408;487;14710;-758
418;489;14714;-774
418;489;14719;-787
418;455;14724;-787
398;455;14729;-787
382;449;14734;-754
382;449;14739;-775
382;449;14744;-775
415;488;14749;-775
415;488;14754;-775
399;455;14759;-787
379;450;14764;-755
379;450;14769;-770
379;450;14774;-770
416;487;14779;-788
397;460;14784;-788
397;460;14789;-788
397;460;14794;-788
397;451;14799;-765
379;451;14804;-765
416;486;14809;-772
399;459;14814;-787
399;459;14819;-769
380;448;14824;-769
380;448;14829;-769
380;448;14834;-769
380;448;14838;-771
403;480;14843;-771
403;480;14848;-785
406;464;14853;-785
383;452;14858;-768
403;482;14863;-750
403;482;14868;-750
403;482;14873;-774
403;482;14878;-774
405;464;14883;-756
405;464;14888;-783
382;445;14893;-783
382;445;14898;-783
399;480;14903;-783
416;487;14908;-777
375;418;14913;-797
375;418;14918;-797
375;418;14923;-750
417;520;14928;-750
381;454;14933;-782
381;454;14938;-782
381;454;14943;-786
381;454;14948;-786
399;440;14953;-786
394;493;14958;-741
394;473;14962;-780
437;473;14967;-780
437;473;14972;-775
391;483;14977;-775
374;474;14982;-768
374;474;14987;-768
374;474;14992;-765
374;474;14997;-765
414;485;15002;-765
390;462;15007;-776
390;462;15012;-776
409;483;15017;-757
409;483;15022;-772
412;488;15027;-772
412;465;15032;-772
408;465;15037;-792
408;465;15042;-752
408;465;15047;-752
380;447;15052;-752
399;480;15057;-761
399;480;15062;-761
401;471;15067;-773
401;471;15072;-767
386;449;15077;-767
386;449;15082;-767
420;490;15087;-767
420;490;15091;-788
420;490;15096;-788
411;480;15101;-788
411;480;15106;-788
385;449;15111;-788
387;471;15116;-759
387;471;15121;-775
387;472;15126;-775
410;472;15131;-775
391;442;15136;-775