x_f,y_f,z_f,x,y,z,time_ms
22.5,732.67,604.5,23,753,637,0
24.22,728.45,602.62,45,775,624,8
25.09,729.45,604.24,45,775,624,16
28.17,735.87,607.91,45,775,624,24
30.82,740.41,609.26,32,740,602,32
33.17,742.62,610.42,1,704,621,40
30.79,739.74,609.95,1,704,621,48
28.25,734.92,608.9,28,762,620,56
22.86,732.1,608.43,-3,787,635,64
16.4,73.86,609.88,-3,787,635,72
10.73,736.65,613.53,-2,788,651,80
8.52,741.18,614.53,33,738,1,88
5.33,744.04,615.55,-14,706,624,96
4.88,743.53,614.82,-2,710,611,104
6.67,738.76,611.97,33,726,611,112
7.9,728.89,608.82,33,726,634,120
12.2,719.26,606.83,33,726,660,128
14.22,716.45,608.67,-7,775,622,136
18.85,716.8,609.47,0,759,622,144
20.85,722.74,613.61,-1,717,622,152
22.37,727.73,616.77,-17,717,622,160
20.71,730.19,617.13,-17,717,622,168
15.31,728.48,616.78,30,737,613,176
12.05,725.44,614.93,39,765,652,184
9.76,724.16,614.73,-13,778,652,192
8.47,723.63,614.73,31,754,625,200
9.05,726.42,616.93,48,738,604,208
12.24,729.91,617.79,48,738,604,216
18.73,734.7,617.06,-16,722,630,224
21.42,735.48,615.99,29,738,618,232
25.19,734.34,612.97,38,758,618,240
25.75,732.19,610.78,38,767,624,248
25.57,730.61,608.07,30,751,624,256
27.95,729.95,607,30,751,624,264
28.27,732.3,608.1,30,751,624,272
28.6,735.61,610.06,45,728,601,280
29.68,736.19,610.06,23,748,621,288
32.42,737.02,609.14,23,748,621,296
31.82,735.76,608.47,37,762,617,304
31.36,734.73,607.59,8,769,620,312
28.96,735.02,606.88,8,769,620,320
26.43,737.85,606.68,-22,759,640,328
20.81,741.09,608.4,47,735,609,336
18.88,742.36,608.49,15,729,603,344
14.84,742.66,609.14,-17,736,634,352
11.39,739.8,609.67,45,761,618,360
12.55,737.34,608.99,45,761,618,368
14.18,734.84,608.65,17,768,618,376
17.2,734.63,608.15,-20,756,633,384
17.11,735.91,609.15,15,745,626,392
19.31,737.87,609.13,15,745,626,400
16.18,740.12,611.03,-18,739,629,408
11.9,740.31,613.36,-18,739,629,416
8.51,738.56,613.89,-18,739,629,424
1.43,734.78,615.32,16,754,632,432
-2.51,732.49,616.57,-21,749,630,440
-6.33,730.66,617.6,-21,749,630,448
-7.5,730.67,617.77,14,739,625,456
-7.96,731.18,617.94,45,732,609,464
-5.01,730.93,616.67,45,732,609,472
1.89,730.08,614.39,-19,741,625,480
5.94,728.81,612.36,10,754,635,488
11.32,728.31,611.14,46,762,623,496
15.32,728.52,610.03,-19,751,628,504
15.78,729.95,610.5,7,743,626,512
15.88,731.74,611.57,7,743,626,520
13.12,733.71,612.94,7,743,626,528
9.57,734.85,614.55,27,740,606,536
7.98,734.54,614.07,2,749,637,544
9.03,733.65,614.08,2,749,637,552
9.02,732.42,613.73,45,757,622,560
9.91,732.17,613.9,31,756,612,568
14.34,733.38,613.38,31,756,612,576
17.79,735.55,612.56,5,740,633,584
19.67,736.63,612.49,41,739,614,592
23.38,736.82,610.78,32,743,606,600
24.74,736.31,609.63,32,743,606,608
26.99,734.52,606.64,-1,757,637,616
26.67,733.66,605.93,43,758,617,624
26.25,733.29,605.41,43,759,612,632
27,734.39,605.54,-16,747,620,640
24.08,735.51,606.37,41,740,611,648
25.6,736.83,605.52,41,740,611,656
24.97,737.03,605.42,-13,747,619,664
22.32,736.21,605.48,-13,747,619,672
18.59,734.93,605.56,-13,747,619,680
15.04,733.18,604.4,38,748,618,688
11.66,732.27,604.86,-9,739,619,696
5.98,731.35,605.84,-9,739,619,704
4.77,731.08,606.32,-4,740,635,712
1.45,730.74,608.26,41,751,613,720
2.01,730.76,608.91,41,751,613,728
6.75,730.64,608.99,-10,753,618,736
8.93,731.35,608.93,-8,756,644,744
11.17,732.97,610.31,40,753,612,752
12.46,734.74,610.06,-11,743,614,760
12.39,736.2,609.99,-12,741,637,768
10.65,736.65,611.37,-12,741,637,776
7.48,736.06,612.16,-12,741,637,784
1.86,734.19,614.67,-3,749,618,792
-2.85,732.72,615.97,-14,750,643,800
-5.21,731.73,618.58,-14,750,643,808
-7.01,731.46,619.66,33,751,608,816
-7.46,732.12,620.06,-1,742,608,824
-5.46,732.98,619.13,-1,742,608,832
-2.69,733.54,615.55,-17,740,635,840
-1.41,733.22,613.17,34,744,621,848
2.31,732.61,610.18,45,752,611,856
6.26,731.98,608.64,-14,754,642,864
7.76,731.98,608.8,36,751,621,872
12.69,732.62,608.77,36,751,621,880
15.11,733.72,610.94,43,750,612,888
20.44,735.3,611.58,-17,742,638,896
21.05,735.89,613.25,29,746,620,904
23.92,736.09,612.22,29,746,620,912
23.11,735.51,612.03,44,748,614,920
22.74,734.53,611.94,44,749,612,928
26.48,733.76,609.74,6,749,612,936
25.81,733.57,608.44,25,748,612,944
26.83,733.68,606.54,10,747,607,952
25.21,733.86,604.81,10,747,607,960
25.4,734.35,601.8,10,747,607,968
21.51,734.39,600.16,20,747,626,976
18.45,734.29,600.03,45,749,610,984
17.55,734.19,599.84,9,751,613,992
16.07,734.29,600.45,-22,746,637,1000
15.31,734.26,602.88,49,747,616,1008
16.86,734.38,604.44,16,746,609,1016
16.88,734.36,605.81,-24,740,635,1024
14.16,733.76,608.14,-24,740,635,1032
10.13,732.8,610.46,-24,753,615,1040
4.38,732.48,610.68,15,749,610,1048
-0.76,732.11,611.15,-25,744,631,1056
-6.14,731.81,612.2,-25,744,631,1064
-8.74,732.03,611.78,22,749,612,1072
-11,732.51,611.38,22,749,612,1080
-9.19,732.95,611.1,22,749,612,1088
-3.52,733.58,609.15,-21,746,632,1096
-0.35,734.01,608.44,12,750,612,1104
4.28,734.04,607.62,24,750,612,1112
6.26,734.38,607.21,-22,746,630,1120
6.5,734.68,607.05,11,747,628,1128
7.51,734.87,607.4,11,747,628,1136
5.66,734.64,609.3,46,743,612,1144
7.51,734.09,610.1,-20,744,626,1152
6.26,733.43,611.56,8,749,632,1160
9.1,733.18,611.95,8,749,618,1168
9.29,732.89,612.43,-21,745,625,1176
6.1,732.64,613.1,-21,745,625,1184
4.06,732.74,612.73,-21,745,625,1192
-1.37,732.75,612.77,6,748,614,1200
-4.63,732.82,611.96,27,750,610,1208
-7.14,733.18,611.32,27,750,610,1216
-3.26,733.6,609.31,27,750,610,1224
1.42,733.99,606.57,2,749,635,1232
5.78,734.49,606.29,42,750,616,1240
13.58,735.23,605.22,30,752,610,1248
19.05,735.93,604.76,0,745,637,1256
21.3,736.04,606.38,42,746,614,1264
23.53,735.82,607.39,42,746,614,1272
24.64,735.27,608.31,33,749,612,1280
26.17,734.82,608.22,-18,745,622,1288
24.24,734.14,608.37,-18,745,617,1296
22.12,733.59,606.77,36,752,611,1304
19.18,733.59,605.95,-17,744,616,1312
12.88,733.17,605.89,-17,744,616,1320
8.24,733.19,604.45,44,750,606,1328
5.78,733.38,603.83,37,750,606,1336
5.83,733.63,602.79,37,750,606,1344
9.14,733.87,601.52,-12,744,619,1352
12.91,734.02,600.49,-6,749,609,1360
15.92,734.46,599.49,38,751,609,1368
16.45,734.55,599.25,-7,744,615,1376
15.52,734.57,599.42,-7,747,633,1384
13.56,734.62,601.12,-7,747,633,1392
7.94,734.23,604.03,41,754,612,1400
7.02,734.42,606.06,-7,746,616,1408
4.36,734.26,608.19,-13,749,640,1416
4.39,734.73,610.49,-13,749,619,1424
3.51,734.93,611.69,-7,743,612,1432
-0.15,734.58,611.9,-7,743,612,1440
-1.79,734.34,611.14,-7,743,612,1448
-3.98,733.53,609.05,-14,747,620,1456
-5.85,732.91,607.24,-4,748,616,1464
-8.87,732.1,606.28,-4,748,616,1472
-8.42,732.13,605.57,-14,747,641,1480
-8.25,732.27,605.92,32,746,619,1488
-5.06,732.52,607.11,32,746,619,1496
-1.08,733.02,608.96,41,750,610,1504
5.28,733.55,609.63,-15,746,637,1512
8.89,733.72,611.31,33,745,621,1520
14.99,733.58,611.22,45,749,615,1528
19.85,733.61,610.91,-19,749,639,1536
19.48,733.71,612.28,-19,749,639,1544
17.86,733.94,612.88,-19,749,625,1552
11.59,734.29,614.61,47,750,611,1560
9.27,734.77,615.05,5,749,611,1568
4.81,734.99,615.09,5,749,611,1576
5.44,735.38,612.39,26,746,619,1584
6.38,735.47,610.21,26,746,619,1592
8.08,735.17,608.32,47,749,614,1600
15.05,734.92,605.65,10,749,613,1608
18.85,734.67,603.99,17,741,610,1616
22.58,733.99,603.31,48,747,610,1624
23.78,733.6,603.16,5,755,615,1632
24.35,733.83,602.88,-14,760,640,1640
22.49,734.74,604.34,-14,760,640,1648
17.56,736.38,606.47,43,739,608,1656
15.52,737.06,607.78,17,744,606,1664
11.51,737.53,609.1,-26,740,633,1672
8.25,736.77,610.95,-26,740,618,1680
4.81,735.47,611.05,15,765,617,1688
1.75,735.02,610.48,15,765,617,1696
1.11,735.07,609.6,15,765,617,1704
1.8,736.58,607.92,-25,754,623,1712
1.1,738.51,607.05,12,736,603,1720
0.35,740.31,606.52,12,736,603,1728
1.24,740.21,605.57,-28,736,627,1736
1.14,738.29,604.23,14,750,628,1744
2.44,736.11,604.3,14,750,628,1752
1.45,732.87,605.35,23,762,618,1760
2.63,732.01,606.6,-20,749,630,1768
1.78,732.08,609.07,9,740,629,1776
4.74,732.95,611.01,9,738,613,1784
5,734.08,612.42,-19,746,625,1792
2.87,734.41,613.64,-19,746,625,1800
1.9,733.92,613.05,-19,746,625,1808
-2.54,732.55,612.6,43,757,616,1816
-2.47,732.57,611.65,-18,745,623,1824
-5.31,732.07,611.7,-18,745,623,1832
-4.58,732.75,611.14,9,742,628,1840
-3.8,733.35,611.07,48,740,611,1848
-0.07,733.3,610.89,48,740,611,1856
6.46,732.2,609.75,32,744,607,1864
13.13,731.07,607.94,7,753,639,1872
19.13,730.82,607.84,43,760,619,1880
23.04,731.19,607.44,31,760,616,1888
27.97,733.31,607.18,3,740,627,1896
28.91,734.7,608.14,3,740,627,1904
26.62,735.82,609.1,3,736,608,1912
21.36,735.54,609.65,32,736,611,1920
18.11,733.94,609.38,-16,733,620,1928
13.06,731.08,609.23,-16,733,620,1936
9.59,727.68,607.21,36,783,625,1944
7.54,728.07,607.06,36,783,625,1952
7.65,730.7,607.65,36,783,625,1960
11.22,737.05,608.39,-9,753,621,1968
12.91,742.74,609.23,42,718,602,1976
17.94,745.39,609.45,31,718,602,1984
20,744.49,608.28,31,718,602,1992
23.94,739.41,605.35,-19,727,619,2000
23.51,732.5,602.99,-8,765,649,2008
19.44,725.79,603.05,36,791,633,2016
17.34,724.68,604.29,-5,753,618,2024
12.43,725.97,606.6,-2,718,623,2032
10.66,728.88,609.77,32,716,598,2040
8.78,731.87,611.19,-7,740,611,2048
6.9,732.69,611.08,-7,740,611,2056
5.29,730.72,609.05,-7,740,611,2064
5.3,727.74,605.83,-8,792,641,2072
3.73,728.07,603.96,-1,742,615,2080
-0.22,727.35,603.22,-1,742,615,2088
-1.6,730.55,604.58,-5,717,623,2096
-2.63,732.72,606.06,37,713,602,2104
-1.8,731.91,606.99,37,713,602,2112
3,726.88,605.91,-1,749,612,2120
6.63,722.67,604.25,-13,769,646,2128
9.01,721.4,604.94,33,781,635,2136
12.63,721.67,604.83,41,773,622,2144
15.39,728.24,607.2,-8,726,629,2152
14.9,733.2,610.69,-8,726,629,2160
14.3,737.62,613.41,-8,728,610,2168
10.75,738.22,614.95,39,739,609,2176
9.83,736.18,614.51,-13,756,642,2184
7.62,732.28,614.59,-13,756,642,2192
6.08,729.17,613.49,29,760,618,2200
5.08,728.74,612.95,38,760,618,2208
5.7,730.87,613.69,38,760,618,2216
10.68,736.17,613.74,0,740,617,2224
13.73,739.18,612.9,26,737,617,2232
18.4,740.12,612.02,44,748,617,2240
20.78,739.49,610.74,9,749,615,2248
23.05,737.24,607.96,21,756,628,2256
24.79,735.8,606.79,21,756,628,2264
23.58,735.12,607.7,39,758,615,2272
23.57,735.84,608.21,0,749,617,2280
21.29,736.64,608.83,-20,738,631,2288
19.13,737.48,610.08,-20,738,631,2296
13.9,737.28,611.27,48,748,616,2304
10.99,735.99,611.55,15,746,613,2312
9.02,734.25,611.57,15,746,613,2320
8.27,732.51,610.42,-19,738,619,2328
7.04,730.98,609.16,14,748,615,2336
7.03,730.46,608,14,748,615,2344
8.31,730.65,606.76,-14,738,627,2352
7.49,730.76,606.08,24,744,623,2360
8.61,731.01,606,24,744,623,2368
6.79,730.58,607.3,18,751,613,2376
8.4,730.87,608.1,-18,744,626,2384
7.89,730.87,609.38,21,750,625,2392
10.88,731.88,609.97,15,749,622,2400
10.85,732.45,610.49,-17,740,615,2408
8.35,732.48,610.49,-17,740,615,2416
6.54,732.68,609.65,-17,740,631,2424
1.67,731.93,609.95,48,751,612,2432
1.35,731.66,609.01,-19,741,622,2440
-1.64,730.51,609.28,-19,741,622,2448
-1.58,730.1,608.89,16,746,617,2456
-1.43,729.88,608.54,45,746,617,2464
1.62,729.93,608.31,45,746,617,2472
7.69,730.54,608.18,-21,742,628,2480
10.14,730.79,608.75,10,752,635,2488
14.24,731.7,609.2,43,757,624,2496
15.46,732.52,610.72,17,755,619,2504
18.04,734.18,611.62,4,741,631,2512
18.74,735.08,613.08,4,741,631,2520
17.03,735.34,614.5,45,743,614,2528
16.98,735,614.45,27,744,613,2536
16.52,734.01,613.73,4,749,641,2544
18.6,733.3,613.85,4,749,624,2552
18.41,732.42,612.91,32,761,617,2560
17.81,732.93,612.53,32,761,617,2568
18.71,734.49,612.34,32,761,617,2576
20.45,737.44,611.31,1,742,607,2584
20.76,739.11,609.24,24,736,617,2592
20.34,739.36,608.07,24,736,617,2600
20.64,738.08,606.87,24,736,617,2608
21.56,735.2,604.68,-7,735,608,2616
19.98,731.7,603.54,50,774,619,2624
20.28,730.6,603.65,28,766,617,2632
20.22,731.07,603.76,-14,751,622,2640
18.1,732.7,604.29,6,742,630,2648
18.1,735.42,606.14,38,738,609,2656
17.81,737.18,606.42,-11,729,608,2664
14.66,736.46,606.54,-11,729,608,2672
10.97,733.62,605.8,-11,729,641,2680
8.43,729.87,607.1,44,769,618,2688
6.46,727.07,606.63,-13,747,618,2696
3.39,725.5,607.01,-13,747,618,2704
3.11,726.69,607.58,-9,734,606,2712
1.75,728.19,606.83,38,734,606,2720
1.68,729.29,606.39,38,734,606,2728
5.35,729.46,604.69,-10,739,617,2736
6.82,728.51,603.41,-10,750,642,2744
8.66,728.17,602.63,37,763,629,2752
9.58,727.5,604.14,-7,749,619,2760
10.32,728.96,606.37,-11,737,635,2768
9.26,730.36,609.89,-11,737,635,2776
6.86,731.92,613.74,34,738,612,2784
5.06,732.19,615.26,-6,737,614,2792
2.03,731.16,615.53,-15,742,640,2800
1.57,729.59,615.97,-15,742,640,2808
0.77,727.87,615.37,40,756,615,2816
0.69,727.36,614.71,40,756,615,2824
4.23,728.78,614.73,40,756,615,2832
9.51,731.63,613.46,-13,742,636,2840
12.92,733.72,613.03,45,751,613,2848
17.23,735.76,612.09,45,751,613,2856
22.85,737.04,611,-14,747,633,2864
23.67,737.11,610.1,34,756,621,2872
25.8,737.49,609.17,34,756,621,2880
24.38,737.33,609.97,47,759,617,2888
25.17,738.04,610.17,6,747,615,2896
23.89,738.28,610.12,31,740,618,2904
27.12,738.58,608.76,31,740,618,2912
26.86,737.52,608.41,49,742,616,2920
27.72,735.75,607.87,11,742,612,2928
29.44,733.78,606.11,27,752,625,2936
28.94,732.15,606.14,44,760,623,2944
29.7,732.05,606.36,8,755,615,2952
27.43,732.74,606.61,8,755,630,2960
26.83,734.89,608.03,-22,745,630,2968
21.43,736.74,609.51,-22,745,630,2976
14.78,737.82,611.31,38,741,612,2984
9.95,737.42,611.99,-21,737,631,2992
4.44,735.82,613.62,-21,737,631,3000
-0.53,733.17,614.17,41,756,627,3008
-1.36,731.45,614.54,11,751,618,3016
-0.03,730.65,614.73,11,751,618,3024
2.39,730.92,613.85,-22,740,624,3032
3.87,731.66,613.2,21,738,626,3040
7.23,732.08,612.41,4,730,624,3048
5.31,731.33,612.58,-17,738,622,3056
4.7,730.13,611.83,-17,738,649,3064
3.11,728.41,613.41,12,760,608,3072
-0.37,727.48,613.21,12,760,608,3080
-1.03,728.32,613.14,12,760,608,3088
-0.8,730.73,611.79,-30,735,619,3096
-0.58,732.91,609.83,47,724,604,3104
2.18,733.57,606.45,47,724,604,3112
6.72,732.57,603.18,-23,740,626,3120
8.73,730.1,602.16,13,765,641,3128
12.15,728.94,601.88,53,783,633,3136
15.59,729.61,605.09,53,783,633,3144
19.85,733.66,609.16,-16,738,616,3152
19.85,737.17,612.36,4,725,619,3160
22.49,740.5,614.15,4,720,601,3168
19.38,740.63,613.78,28,737,605,3176
16.73,738.07,611.69,28,737,605,3184
17.51,732.81,607.33,28,737,605,3192
17.24,726.94,602.3,40,779,629,3200
18.01,725.47,600.31,27,769,621,3208
19.56,726.71,599.37,27,769,621,3216
24.88,732.82,600.98,8,725,602,3224
26.16,736.8,601.69,47,724,602,3232
28.53,738.89,602.76,47,724,602,3240
29.3,736.78,602.12,28,736,609,3248
29.71,732.84,600.67,-19,737,622,3256
27.34,728.41,599.96,44,770,625,3264
27.21,725.33,599.2,31,763,617,3272
26.4,725.75,600.07,-16,736,612,3280
22.24,726.88,601.39,-16,736,612,3288
18.27,730.58,603.47,41,733,613,3296
15.26,732.26,604.57,30,746,613,3304
13.05,732.83,604.72,-17,750,620,3312
10.05,731.85,604.58,-17,760,647,3320
9.68,732.06,606.07,35,757,617,3328
8.66,731.89,606.81,35,757,617,3336
9.03,733.58,608.63,35,757,617,3344
12.82,737.12,610.19,-11,729,633,3352
14.54,738.02,611.91,43,745,613,3360
16.92,738.56,611.64,43,745,613,3368
20,737.02,610.83,-9,747,618,3376
21.63,735.1,609.85,-11,755,646,3384
21.22,733.61,609.54,-11,755,646,3392
15.99,733.39,612.06,40,762,619,3400
13.56,734.84,613.8,-12,745,608,3408
8.14,735.71,614.96,-15,736,630,3416
5.94,737.13,615.56,41,743,613,3424
5.14,736.8,614.98,-5,749,619,3432
3.1,735.9,613.6,-5,749,619,3440
4.38,734.67,611.69,-12,752,641,3448
3.94,733.67,610.61,34,758,626,3456
6.06,734.07,610.06,45,759,615,3464
6.82,735.1,610.97,45,759,625,3472
12.31,737.54,612.82,-14,733,625,3480
15.63,738.49,612.86,-14,736,613,3488
15,738.08,612.63,45,746,609,3496
18.49,736.68,611.03,-21,746,642,3504
15.6,734.67,611.36,-21,746,642,3512
11.7,732.72,611.38,37,757,634,3520
8.54,732.02,613.11,48,764,627,3528
8.02,733.12,615.72,3,749,618,3536
7.46,734.28,617.02,3,749,618,3544
10.82,736.88,617.24,27,739,619,3552
15.21,737.78,616.55,42,743,608,3560
16.66,737.27,614.32,0,740,607,3568
18.58,735.59,609.88,0,754,627,3576
19.27,734.48,607.17,44,762,619,3584
19.12,733.99,605.38,44,762,619,3592
19.31,734.49,604.91,44,762,619,3600
23.18,737.09,605.5,-20,746,636,3608
23.29,738.97,607.56,50,754,617,3616
25.97,741.28,608.61,50,754,617,3624
27.27,742.17,609.95,12,746,609,3632
28.32,741.84,610.13,-20,733,627,3640
26.29,739.3,609.67,-20,733,627,3648
20.13,735.83,609.59,47,753,618,3656
17.35,733.52,609.18,15,751,612,3664
12.63,731.52,608.79,-18,743,632,3672
10.72,730.84,608.85,24,753,633,3680
8.56,731.14,610.37,15,748,610,3688
7.42,731.82,610.45,15,748,610,3696
8.95,733.03,610.6,15,736,624,3704
11.42,733.56,610.05,21,739,622,3712
14.18,733.45,609.23,19,750,612,3720
13.54,732.43,608.19,19,750,612,3728
14.87,731.68,607.45,8,740,638,3736
16.89,731.23,607.61,8,740,638,3744
15.8,730.49,608.63,8,740,638,3752
14.73,730.12,611.85,50,750,618,3760
16.18,730.17,614.21,-13,750,622,3768
14.34,730.84,615.71,4,750,622,3776
13.44,731.62,616.28,30,749,619,3784
13.93,732.23,615.91,-24,727,618,3792
10.85,731.56,614.64,-24,727,618,3800
7.31,730.6,611.88,4,739,631,3808
3.97,729.11,610.67,35,747,618,3816
3.26,727.7,609.38,20,759,622,3824
1.25,727.22,609.9,20,760,641,3832
5.04,728.44,611.54,47,753,616,3840
11.18,730.87,611.98,47,753,616,3848
16.91,733.89,612.45,47,753,616,3856
25.67,737.5,612.19,25,731,630,3864
31.73,738.33,612.34,51,754,616,3872
36.61,738.46,610.75,51,754,616,3880
38.94,737.57,609.95,27,771,620,3888
40.03,737.72,609.38,-20,766,625,3896
36.81,738.78,608.36,-20,766,625,3904
29.73,741.47,609.1,50,757,619,3912
25.3,744.09,609.49,35,741,607,3920
20.4,744.87,609.11,-15,718,606,3928
15.79,743.54,607.37,45,745,614,3936
15.41,740.25,606.2,34,760,619,3944
16.38,737.18,604.96,34,760,619,3952
19.69,734.31,603.9,-13,754,627,3960
21.47,733.49,604.03,0,754,643,3968
22.12,734.42,606.41,41,743,611,3976
20.17,735.75,608,41,743,611,3984
19.25,736.91,609.88,-8,739,634,3992
19.06,737.47,612.06,-8,739,634,4000
15.62,735.38,613.21,-8,739,634,4008
12.56,732.29,614.23,33,766,621,4016
11.05,731.51,614.81,-12,754,639,4024
8.83,731.61,616.53,-12,754,639,4032
5.96,732.94,617.56,35,748,615,4040
4.73,734.97,618.61,35,748,615,4048
5.39,736.64,618.63,-7,730,614,4056
7.5,736.35,616.26,-9,736,637,4064
8.75,734.94,614.97,40,751,616,4072
12.26,733.67,612.51,-7,753,621,4080
10.1,731.42,611.68,-13,743,641,4088
9.27,730.43,611.86,-13,743,641,4096
7.1,730.23,613.13,36,741,614,4104
5.45,730.56,614.62,36,741,614,4112
5.36,730.5,615.35,-11,740,637,4120
6.17,730.69,616.7,37,755,623,4128
10.93,731.14,615.37,37,755,623,4136
13.44,731.31,615.07,41,763,635,4144
19.37,732.89,615.33,-15,747,635,4152
21,734.76,615.32,-15,747,635,4160
20.69,736.55,616.09,36,745,617,4168
19.01,737.53,617.19,47,742,608,4176
17.74,737.22,616.95,1,734,608,4184
17.44,735.54,614.15,32,752,621,4192
17.5,733.72,611.92,47,766,618,4200
20.2,733.48,609.29,47,766,618,4208
23.69,734.22,606.71,0,759,619,4216
26.8,736.83,605.41,30,750,621,4224
30.05,739.33,605.15,47,747,613,4232
30.64,741.14,605.67,47,747,613,4240
30.81,741.65,606.21,-24,737,630,4248
29.06,740.48,607.39,-24,737,630,4256
24.02,737.38,608.04,-24,737,630,4264
16.13,733.38,609.54,46,760,620,4272
11.18,731.45,610.85,-18,740,635,4280
5.57,729.73,613.12,-18,740,635,4288
0.05,729.35,615.11,47,744,615,4296
0.04,729.63,615.91,13,739,612,4304
0.26,729.48,615.7,13,739,612,4312
5.45,729.47,613.59,-25,737,630,4320
6.81,728.75,612.17,22,752,627,4328
9.96,729.02,610.71,11,754,614,4336
7.56,728.72,609.74,-27,740,630,4344
5.8,729.45,609.69,20,743,621,4352
6.32,730.51,609.63,20,743,621,4360
3.84,731.04,610.7,20,743,611,4368
5.21,731.4,610.61,-20,744,633,4376
4.43,731.28,611.43,17,754,632,4384
7.68,731.85,611.41,17,754,632,4392
7.81,732.17,612.2,47,758,627,4400
10.62,733.39,613.97,-19,738,627,4408
11.84,734.47,614.95,-19,738,627,4416
9.92,734.85,616.22,17,740,627,4424
9.28,734.32,616.77,49,744,613,4432
10.07,733.18,616.39,-19,741,625,4440
9.47,731.54,615,-19,741,625,4448
6.76,729.66,613.69,9,753,633,4456
5.85,729.33,613.25,44,754,615,4464
5.6,729.67,612.45,24,757,612,4472
8.58,732.01,611.56,8,745,631,4480
11.23,733.78,611.66,8,745,631,4488
12.73,735.18,611.71,25,754,611,4496
13.4,736.29,611.47,25,754,611,4504
16.97,737.06,610.35,5,749,632,4512
17.97,737.36,610.47,46,751,614,4520
19.86,737.16,609.1,46,751,614,4528
21.01,737.15,608.62,30,751,637,4536
23.74,737.04,609.68,6,750,619,4544
25.72,737.39,609.22,50,750,619,4552
29.38,737.54,609.26,50,750,619,4560
31.59,737.17,610.12,32,750,612,4568
32.66,736.85,610.12,-17,735,622,4576
31.33,735.75,609.1,49,748,616,4584
30.76,734.99,608.43,23,750,614,4592
28.28,734.18,607.72,-22,740,621,4600
23.35,732.93,606.36,-22,740,621,4608
18.36,731.85,606.46,46,758,617,4616
14.53,732.06,606.56,46,758,617,4624
12.66,732.89,606.66,-17,737,615,4632
9.87,732.86,606.94,-1,741,638,4640
11.64,733.74,608.07,-1,741,638,4648
9.27,733.29,610.05,33,749,616,4656
9.93,732.76,611.4,-10,745,616,4664
9.32,732.24,612.31,-10,745,616,4672
8.26,731.91,612.47,-7,749,638,4680
3.88,731.4,613.42,36,747,616,4688
2.87,731.26,612.57,-5,739,615,4696
3.54,731.83,611.88,-10,743,636,4704
2.97,731.93,611.57,37,754,619,4712
5.72,732.47,610.8,37,754,619,4720
7.54,732.77,611.38,37,749,613,4728
13.07,733.45,610.96,-14,751,635,4736
15.3,734.56,611.76,29,749,611,4744
19.27,735.39,609.91,29,749,611,4752
19.68,736.06,609.23,-16,739,627,4760
18.48,735.96,609.37,-16,739,627,4768
15.83,734.99,608.59,-16,739,627,4776
9.22,732.97,609.39,29,749,619,4784
5.74,731.53,609.9,-16,753,640,4792
0.25,731.07,612.41,-16,753,640,4800
-1.32,731.34,614.03,27,749,621,4808
-1.73,732.32,616,45,749,610,4816
0.77,733.59,616.63,45,749,610,4824
7.73,735.14,615.16,-21,738,633,4832
11.08,735.28,614.18,25,746,625,4840
16.58,735.16,612.44,51,752,618,4848
19.7,734.52,611.32,7,746,620,4856
21.68,733.58,609.95,7,746,620,4864
22.44,733.04,609.22,26,742,622,4872
21.39,732.67,609.64,26,742,622,4880
20.16,732.29,610.2,9,740,610,4888
18,731.45,609.78,20,752,627,4896
19.84,731.73,609.09,20,752,627,4904
19.08,731.8,609.15,47,759,616,4912
19.32,732.7,609.22,10,755,612,4920
20.39,734.43,608.86,10,755,612,4928
21.27,736.52,608.15,-21,752,636,4936
18.14,738.46,608.64,50,753,616,4944
18.23,739.83,608.01,15,746,613,4952
16.91,740.18,608.16,-19,742,632,4960
13.31,738.95,608.69,48,750,616,4968
14.46,737.83,608.55,48,750,616,4976
15.42,736.33,608.94,17,746,613,4984
18.28,735.16,608.7,-23,740,627,4992
17.89,733.88,609.12,17,745,629,5000
20.09,733.17,608.56,17,749,609,5008
16.84,732.66,608.27,-19,744,624,5016
12.41,732.27,609.16,-19,744,624,5024
8.98,732.16,608.96,-19,744,624,5032
1.57,731.69,609.79,17,750,609,5040
-2.53,731.77,609.38,-21,742,625,5048
-6.43,731.63,609.84,-21,742,625,5056
-7.49,731.72,609.57,11,746,628,5064
-8.28,731.64,609.66,46,751,615,5072
-5.4,731.71,610.29,46,751,615,5080
1.6,732.31,609.94,-20,739,623,5088
5.63,732.32,609.92,7,745,630,5096
10.88,732.65,610.11,43,747,618,5104
14.56,732.54,610.49,-22,740,623,5112
14.65,732.2,610.41,0,746,630,5120
13.98,731.97,611.12,0,746,630,5128
10.47,731.55,611.95,0,751,620,5136
5.84,731.56,612.9,27,752,610,5144
3.71,732.03,612.76,0,747,632,5152
4.51,733.15,613.03,0,747,632,5160
4.73,733.93,612.81,43,751,613,5168
6.12,734.63,612.31,30,753,613,5176
11.19,735.66,611.45,30,753,613,5184
15.42,736.25,609.97,0,748,635,5192
17.59,736.6,609.74,45,749,619,5200
22,736.74,609.17,35,752,612,5208
23.66,736.9,609.03,35,752,612,5216
26.58,737.2,607.79,-15,740,619,5224
25.85,736.59,606.94,45,751,613,5232
25.68,736.24,606.49,36,753,618,5240
25.69,735.91,605.99,-11,743,621,5248
22.62,735.13,605.95,41,751,617,5256
24.08,735.17,605.01,41,755,617,5264
23.33,735.52,605.38,-12,740,613,5272
21.11,735.02,605.73,-12,740,613,5280
17.81,734.28,605.76,-12,740,613,5288
15.51,733.69,605.01,-5,744,613,5296
9.03,732.37,604.41,-13,740,618,5304
2.11,730.62,603.89,-13,740,618,5312
-1.7,729.59,603.54,-6,749,639,5320
-6.62,729.08,605.35,185,752,560,5328
3.78,729.15,602.44,185,752,560,5336
24.12,730.66,598.22,571,610,584,5344
80.23,722.33,592.76,-209,539,519,5352
97.85,704.56,581.18,26,956,720,5360
123.58,707.9,582.22,-59,726,609,5368
122.78,701.17,580.32,19,473,559,5376
106.54,684.59,580.91,19,473,559,5384
78.76,663.82,580.73,82,736,696,5392
46.54,652.83,591.65,-72,874,565,5400
22.25,650.35,593.12,-42,737,558,5408
-12.81,654.18,590.42,-42,737,561,5416
-1.98,674.42,589.94,-114,692,561,5424
-16.36,677.4,577.18,-114,692,561,5432
-30.25,693.14,570.37,-114,692,561,5440
-51.51,710.32,564.73,-102,658,619,5448
-69.98,713.25,564.66,-32,788,629,5456
-83.97,707.07,561.71,-32,788,629,5464
-83.34,699.19,570.99,83,719,598,5472
-70.31,702.72,580.37,43,719,598,5480
-52.43,708.83,588.81,43,719,598,5488
-26.1,716.09,594.45,86,714,627,5496
2.25,719.34,598.64,97,787,614,5504
28.36,723.19,600.57,107,769,614,5512
51.35,727.94,599.65,49,738,541,5520
63.23,726.53,594.32,-119,730,512,5528
60.04,726.85,585.25,-119,730,512,5536
41.29,730.2,573.64,-159,676,598,5544
11.81,726.91,564.16,-131,692,660,5552
-23.32,720.36,560.73,-127,665,718,5560
-61.34,709.7,567.26,-193,666,653,5568
-98.12,694.44,580.59,-27,849,693,5576
-115.98,694.14,602.31,-27,849,693,5584
-120.82,702.82,627.95,-19,801,659,5592
-106.75,718.34,648.02,-28,730,641,5600
-88.85,733.67,659.92,-110,688,654,5608
-73.26,746.19,661.84,-110,688,666,5616
-64,748.13,658.86,-135,715,616,5624
-65.51,742.5,649,-135,715,616,5632
-70.63,732.03,642.65,-135,715,616,5640
-88.79,713.5,633.53,-102,732,635,5648
-103,702.48,626,-112,711,616,5656
-113.68,697.96,619.84,-112,711,616,5664
-119.4,699.2,615.54,-95,720,619,5672
-116.57,702.47,611.95,-95,720,619,5680
-112.67,704.64,608.69,-95,720,619,5688
-107.1,704.83,608.64,-67,763,654,5696
-100.25,708.14,610.84,-59,763,633,5704
-92.56,713.16,612.86,-59,763,633,5712
-85.9,719.23,614.87,-100,766,641,5720
-81.12,727.72,618.68,-98,738,641,5728
-77.83,734.03,622.12,-98,738,641,5736
-78.15,737.84,624.78,-111,710,624,5744
-81.75,736.71,625.48,-128,688,610,5752
-88.15,731.05,624.44,-90,688,610,5760
-94.14,720.36,620.19,-73,702,599,5768
-97.64,709.6,615.28,-93,754,667,5776
-99.64,703.53,614.27,-93,754,667,5784
-97.38,701.08,614.8,-109,740,615,5792
-95.84,703.96,615.31,-126,725,635,5800
-96.36,708.48,618.48,-194,761,624,5808
-103.54,716.83,621.23,-162,821,687,5816
-111.92,729.25,627.37,-132,780,676,5824
-122.87,739.13,632.21,-132,780,676,5832
-133.42,748.91,639.08,-75,755,629,5840
-135.27,753.96,640.57,-33,732,627,5848
-128.58,755.69,641.23,-3,713,618,5856
-112.25,752.68,641.12,-18,700,600,5864
-91.56,744.95,634.68,-59,708,617,5872
-69.35,733.27,627.71,-59,708,617,5880
-53,718.45,617.34,-59,708,659,5888
-44.42,708.22,613.06,-121,763,619,5896
-45.67,704.37,609.49,-148,686,612,5904
-57.09,700.41,610.2,-148,686,612,5912
-74.26,698.95,610.82,-93,763,646,5920
-90.16,702.56,613.04,-93,763,646,5928
-102.65,707.29,615.82,-93,763,646,5936
-108.29,713.32,618.08,-105,771,667,5944
-110.05,721.53,623.25,-138,775,657,5952
-111.44,731.81,626.94,-138,775,657,5960
-110.51,739.09,633.42,-175,769,552,5968
-114.34,748.55,631.56,-234,710,552,5976
-126.14,751.27,625.05,-234,710,552,5984
-144.99,746.17,611.12,-211,525,585,5992
-164.3,724.75,596.22,-160,767,663,6000
-178.97,712.84,587.69,-160,767,663,6008
-188.21,700.16,584.54,-142,688,640,6016
-187.96,688.88,589.07,-140,689,603,6024
-182.02,684.06,595.56,-140,689,603,6032
-171.34,682.94,606.55,-144,702,623,6040
-158.46,686.66,613.41,-138,700,598,6048
-148.13,686.22,613.8,-143,701,598,6056
-141.85,693.94,610.03,-203,698,616,6064
-144.31,687.77,603.35,-248,733,628,6072
-152.6,686.45,599.75,-248,733,628,6080
-166.23,691.41,599.6,-277,739,594,6088
-185.51,697.63,600.42,-297,766,647,6096
-208.29,706.52,604.69,-353,749,635,6104
-235.08,714.48,607.23,-313,767,618,6112
-258.95,723.82,610.27,-281,772,628,6120
-278,732.59,613.26,-281,772,628,6128
-289.32,740.81,614.74,-191,739,638,6136
-286.87,743.9,616.16,-196,726,604,6144
-277.92,744.24,614.85,-207,717,578,6152
-262.02,741.11,612.73,-241,668,596,6160
-246.13,730.52,606.95,-274,658,572,6168
-232.9,717.38,599.02,-274,658,572,6176
-228.6,701.01,591.07,-282,691,613,6184
-233.13,686.69,585.22,-318,718,665,6192
-243.68,676.92,585.55,-279,768,505,6200
-257.85,677.38,578.86,-208,711,605,6208
-264.46,680.89,580.61,-99,735,728,6216
-257.04,689.74,591.13,-99,735,728,6224
-238.49,701.18,604.13,-258,738,594,6232
-221.23,711.02,613.98,-220,781,646,6240
-202.7,721.17,627.05,-211,748,596,6248
-190.85,726.57,632.16,-143,685,578,6256
-180.79,726.63,627.14,-210,717,612,6264
-181.66,723.9,626.22,-210,717,612,6272
-185.98,721.89,616.73,-210,717,693,6280
-193.4,716.68,609.59,-156,851,688,6288
-195.5,720.79,608.82,-118,692,584,6296
-185.16,719.22,614.43,-118,692,636,6304
-175.49,718.15,620.09,-165,611,565,6312
-166.12,710.96,620.46,-165,611,565,6320
-160.01,700.62,616.28,-165,611,565,6328
-152.49,681.13,604.67,-229,805,701,6336
-154.01,671.79,601.26,-128,729,656,6344
-153.66,665.67,596.41,-128,729,656,6352
-156.69,662.93,599.16,-64,720,603,6360
-153.22,676.08,608.5,-64,720,603,6368
-143.65,689.56,613.54,-64,720,603,6376
-126.37,703.48,617.91,-56,809,650,6384
-106.75,717.22,619.66,-85,824,669,6392
-91.21,731.94,621.87,-85,824,669,6400
-76.51,739.7,619.74,-94,757,652,6408
-73.41,751.4,623.87,-131,715,669,6416
-76,758.65,630.84,-131,715,669,6424
-84.92,760.09,640.21,-256,635,606,6432
-104.16,748.15,642.88,-120,769,678,6440
-117.61,738.73,646.85,-25,769,678,6448
-124.72,725.03,646.89,-115,765,621,6456
-129.27,717.54,643.24,-139,745,612,6464
-129.01,715.83,638.8,-139,745,612,6472
-125.88,721.48,633.95,-16,779,627,6480
-112.82,731.57,627.94,-74,766,643,6488
-104.89,738.12,622.25,-24,737,648,6496
-87.1,745.22,621.75,-60,760,645,6504
-77.9,744.48,619.76,30,744,611,6512
-65.68,742.74,618.06,30,744,611,6520
-46.84,740.77,619.26,24,726,613,6528
-27.54,737.74,618.67,-58,735,692,6536
-14.69,734.6,621.63,-25,731,694,6544
-10.49,729.31,625.61,-24,731,660,6552
-7.02,725.1,630.32,-10,723,645,6560
-9.47,722.4,636.18,-10,723,645,6568
-10.71,718.67,641.41,-10,723,618,6576
-15.41,716.28,643.53,-57,725,570,6584
-20.27,714.11,637.51,41,739,644,6592
-18.03,714.18,632.25,41,739,644,6600
-10.28,714.46,622.73,-15,718,686,6608
-6.54,714.52,619.69,-15,718,686,6616
-2.59,714.52,623.46,-15,718,686,6624
-0.81,714.15,632.47,4,704,707,6632
0.39,711.8,645.05,-2,718,700,6640
-0.93,709.35,658.1,40,718,700,6648
3.07,706.7,671.82,31,755,710,6656
3.36,706.82,679.44,35,739,696,6664
7.06,707.99,684.86,35,739,696,6672
15.08,712.08,686.73,71,739,625,6680
24.97,716.68,682.48,38,704,612,6688
32.31,718.22,674.34,52,695,627,6696
38.42,717.62,662.3,52,692,628,6704
43.88,712.87,648.87,33,682,625,6712
44.84,705.54,635.84,33,682,625,6720
45.15,695.4,624.69,33,682,625,6728
43.69,686.8,617.78,80,698,645,6736
45.01,680.8,614.64,137,723,663,6744
49.75,678.66,618.24,137,723,663,6752
60.7,681.16,623.74,137,723,665,6760
75.07,686.29,629.69,122,721,658,6768
90.44,692.45,635.68,122,721,658,6776
105.49,698.85,641.24,116,702,646,6784
116.01,702.49,644.38,114,675,644,6792
121.91,701.98,645.43,122,675,656,6800
122.91,697.87,644.72,142,677,663,6808
121.66,690.55,643.29,183,719,651,6816
124.9,685.68,641.93,183,719,651,6824
131.11,682.77,641.18,174,692,628,6832
140.32,681.41,639.51,212,686,631,6840
153.07,681.59,637.19,216,705,641,6848
166.56,683.95,634.92,200,692,636,6856
178.42,685.8,631.93,193,696,645,6864
187.47,686.33,629.35,193,696,645,6872
193.22,686.15,627.57,193,688,657,6880
194.75,683.53,628.66,198,653,659,6888
195.03,678.89,630.85,200,636,646,6896
195.28,673.23,633.93,200,636,646,6904
193.84,665.61,636.44,240,649,641,6912
195.98,656.19,637.16,240,649,641,6920
200.79,647.76,637.15,240,649,641,6928
207.68,640.82,635.73,275,666,665,6936
217.83,637.61,635.76,278,713,668,6944
229.06,640.69,636.39,278,713,668,6952
240.42,648.69,638.53,253,676,657,6960
249.18,657.13,641.78,264,680,651,6968
256.75,665.48,644.48,264,680,651,6976
259.85,671.03,646.27,250,668,638,6984
260.22,673.01,645.49,267,663,620,6992
260.4,671.83,641.98,277,663,620,7000
259.29,668.22,635.82,286,658,605,7008
260.07,661.86,627.9,318,648,589,7016
264.59,655.49,618.51,318,648,589,7024
272.57,651.41,609.28,331,662,593,7032
282.43,648.14,600.71,331,661,597,7040
292.99,645.57,593.32,318,663,606,7048
302.99,644.85,588.75,268,693,643,7056
306.6,647.48,589.71,303,658,651,7064
308.22,649.2,594.06,303,658,651,7072
306.5,651.46,601.93,298,657,627,7080
301.8,653.06,610.24,325,647,606,7088
299.68,652.58,615.98,362,697,605,7096
301.75,653.48,618.22,362,697,603,7104
307.65,655.15,616.43,375,675,600,7112
317.76,657.51,611.63,375,675,600,7120
331.82,659.44,604.34,375,675,600,7128
343.45,663.24,597.86,326,651,586,7136
349.99,663.93,591.99,319,643,583,7144
352.4,661.56,587.92,319,643,583,7152
349.09,657.61,584.86,299,651,643,7160
339.6,650.65,585.86,308,654,643,7168
329.52,644.64,588.92,308,654,643,7176
319.21,641.25,595.1,314,674,635,7184
311.46,640.85,602.92,318,701,610,7192
306.27,644.18,609.27,321,701,610,7200
305.9,650.98,614.04,349,677,616,7208
309.06,657.88,615.64,347,680,607,7216
313.45,664.54,614.26,347,680,607,7224
320.03,669.1,608.76,330,677,605,7232
325.03,671.21,603.88,315,652,596,7240
327.93,669.73,599.37,309,658,596,7248
327.81,666.09,595.7,313,653,606,7256
325.2,660.17,594.07,332,657,613,7264
322.41,654.62,593.22,332,657,613,7272
318.74,650.83,592.92,343,670,613,7280
318.01,648.56,594.13,343,667,588,7288
319.45,647.6,594.19,328,667,576,7296
322.12,647.97,592.77,313,661,605,7304
324.14,649.83,592.01,313,661,605,7312
324.54,650.98,590.41,309,653,616,7320
322.46,651.2,589.58,309,653,616,7328
318.05,650.25,589.99,301,668,631,7336
312.93,649.75,593.3,323,682,627,7344
309.26,649.84,597.64,323,682,627,7352
307.07,651.47,603.42,322,699,649,7360
307.17,655.7,610.65,331,699,649,7368
309.7,661.59,615.93,331,699,649,7376
312.79,668.07,621.42,323,700,639,7384
315.74,674.63,625.43,316,687,604,7392
317.48,679.23,626.32,316,687,604,7400
318.56,681.51,624.18,300,692,610,7408
316.23,681.89,620.07,307,693,628,7416
313.38,681.64,615.84,307,693,628,7424
310.05,680.39,611.13,288,709,630,7432
305.13,680.75,608.79,290,679,617,7440
300.48,680.01,607.86,252,671,591,7448
293.58,678.65,606.41,266,669,585,7456
287.08,676.72,604.99,303,660,583,7464
282.3,672.77,600.85,303,660,583,7472
279.73,667.45,594.67,295,661,587,7480
278.77,661.78,587.5,290,691,647,7488
279.63,659.03,585.85,280,686,659,7496
281.84,657.11,588.65,264,692,677,7504
281.68,659.48,597.82,235,688,675,7512
279.09,663.32,611.59,235,688,675,7520
272.69,667.56,626.76,235,688,661,7528
262.47,671.61,639.75,212,669,644,7536
250.59,673.03,648.04,227,667,618,7544
240.61,672.75,650.19,227,667,618,7552
232.23,669.46,645.07,240,680,615,7560
227.27,666.86,636.84,240,680,615,7568
225.17,664.32,627,240,680,615,7576
226.29,663.11,618.2,245,684,622,7584
228.68,663.37,611.65,204,688,665,7592
228.39,664.73,611.04,204,688,665,7600
227.86,667.47,614.19,179,698,673,7608
222.31,670.79,621.91,179,681,688,7616
214.5,672.9,632.14,179,681,688,7624
204.57,673.87,643.23,193,605,662,7632
195.85,668.68,651.9,106,780,686,7640
182.93,672.85,659.8,203,737,687,7648
176.37,675.57,665.36,187,702,669,7656
172.38,679.66,666.23,194,700,680,7664
171.07,685.56,667.08,194,700,680,7672
173.21,690.57,667.16,180,689,680,7680
175.87,693.79,666.67,159,678,663,7688
177.54,691.88,665.02,142,672,663,7696
174.78,691.35,664.34,129,678,664,7704
172.94,680.71,661.76,130,681,678,7712
162.79,674.2,659.8,130,681,678,7720
152.97,670.73,659.27,130,683,673,7728
143.48,668.58,658.64,143,684,686,7736
136.72,667.6,659.87,132,690,706,7744
132.3,668.41,663.24,132,690,706,7752
130.65,670.14,668.47,136,631,672,7760
130.74,668.05,671.84,136,631,672,7768
131.56,663.68,674.26,136,631,672,7776
132.16,656.47,674.11,71,731,701,7784
127.94,654.63,674.25,110,669,685,7792
124.51,651.1,673.27,110,669,685,7800
118.86,651.11,672.32,105,674,669,7808
113.47,653.48,670.31,105,667,668,7816
108.79,655.78,668.39,105,667,668,7824
105.28,659.73,667.44,102,663,669,7832
103.19,660.56,665.29,111,665,678,7840
102.04,660.7,663.54,108,675,678,7848
104.38,656.14,660.98,93,704,698,7856
103.28,658.35,662.09,89,683,696,7864
101.68,660.58,664.47,89,683,696,7872
99.68,663.61,668.79,83,694,701,7880
96.59,667.89,673.69,76,690,698,7888
92.49,671.49,678.07,75,668,692,7896
88.3,672.9,681.27,73,651,668,7904
83.66,671.37,681.13,67,641,653,7912
79.18,666.81,678.28,67,641,653,7920
75.74,658.96,672.28,67,641,653,7928
72.72,651.38,665.05,38,669,704,7936
67.98,645.93,661.19,54,675,715,7944
64.22,642.51,660.34,54,675,715,7952
60.5,642.42,663.81,58,684,717,7960
57.39,646.49,671.02,63,679,712,7968
55.5,652.16,680.41,63,679,712,7976
55.12,658.05,689.48,33,620,659,7984
53.73,658.41,692.17,-43,747,686,7992
46.33,664.7,692.9,27,738,730,8000
41.72,669.44,691.33,19,680,689,8008
33.3,672.95,687.27,3,680,720,8016
24.19,677.43,686.85,3,680,720,8024
16.34,680.24,688.15,22,680,738,8032
11.83,681.18,692.93,-3,650,691,8040
8.11,676.67,695.12,-10,665,699,8048
5.68,674.36,699.26,-10,665,710,8056
6.42,664.92,700.54,11,679,708,8064
3.65,658.83,698,11,679,708,8072
1.96,657.7,697.56,11,679,708,8080
2.14,657.94,695.53,55,638,695,8088
6.64,656.5,693.75,-18,698,705,8096
7.05,658.36,691.85,-18,698,705,8104
8.48,661.68,692.4,-52,729,714,8112
5.13,667.05,692.86,-20,648,724,8120
0.45,668.71,693.84,-20,648,724,8128
-7.29,669.18,696,-49,656,723,8136
-16.61,667.78,699.04,-47,663,728,8144
-24.18,663.8,702.65,-22,663,723,8152
-31.09,660.62,706.39,8,647,737,8160
-29.89,653.27,709.82,28,605,725,8168
-25.49,645.06,712.03,28,605,725,8176
-16.38,634.99,713.4,28,692,729,8184
-6.75,634.19,714.11,22,672,697,8192
3.15,633.1,712.29,-11,662,686,8200
10.68,633.97,708.62,-11,662,686,8208
14.19,637.15,702.85,-68,642,712,8216
8.5,640.26,698.08,-68,642,712,8224
-2.62,642.73,693.13,-68,642,712,8232
-17.43,644.16,690.78,-71,639,718,8240
-32.82,643.22,691.05,-78,669,752,8248
-47.21,639.17,695.13,-78,669,752,8256
-59.02,638.2,702.5,-64,692,769,8264
-65.42,641.64,712.36,-2,621,771,8272
-65.33,642.13,722.96,-2,621,771,8280
-58.54,642.86,732.33,-34,637,712,8288
-50.74,641.66,736.88,-69,689,722,8296
-44.46,641.69,738.7,-47,644,717,8304
-39.01,639.5,736.03,-84,649,709,8312
-39.49,637.56,728.35,-65,633,712,8320
-42.82,636.35,720.04,-65,633,712,8328
-48.7,633.89,711.6,-78,641,692,8336
-57.82,634.5,703.77,-63,650,708,8344
-63.86,634.04,698.08,-57,651,718,8352
-66.14,633.27,697.08,-67,667,718,8360
-65.75,632.16,696.27,-74,671,729,8368
-66.75,635.86,697.57,-74,671,729,8376
-65.87,640.33,700.45,-74,671,729,8384
-66.73,645.96,704.03,-115,648,732,8392
-71.08,649.38,707.8,-106,636,714,8400
-75.62,649.91,710.88,-106,636,714,8408
-82.28,647.63,711.78,-94,648,728,8416
-88.56,644.36,711.81,-94,648,728,8424
-93.3,639.89,711.47,-94,648,728,8432
-95.98,636.24,710.86,-61,654,697,8440
-94.49,634.61,708.73,-82,670,715,8448
-92.53,635.54,707.58,-82,670,715,8456
-87.51,638.95,705.68,-112,660,733,8464
-85.82,642.83,705.72,-117,644,738,8472
-86.36,645.28,706.71,-117,644,738,8480
-90.03,645.79,708.41,-127,640,723,8488
-96.26,644.41,710.57,-112,640,725,8496
-102.02,641.62,712.74,-94,638,706,8504
-107.36,637.85,714.17,-103,642,702,8512
-109.49,633.89,712.23,-91,648,709,8520
-108.75,631.39,709.13,-91,648,709,8528
-104.99,630.52,704.54,-108,655,702,8536
-101.76,631.82,699.87,-105,647,697,8544
-99.34,633.11,695.67,-124,649,758,8552
-99.19,634.85,697.3,-120,653,719,8560
-101.23,636.52,698.12,-137,655,731,8568
-106.6,638.09,702.22,-137,655,731,8576
-112.12,639.3,706.84,-76,632,819,8584
-114.12,638.54,717.19,-145,675,671,8592
-118.66,640.23,718.92,-89,659,765,8600
-116.96,640.73,725.5,-120,651,708,8608
-116.42,641.68,726.72,-144,646,704,8616
-116.02,642.08,722.43,-144,646,704,8624
-117.56,641.82,718.14,-139,631,709,8632
-120.18,639.8,711.78,-157,640,697,8640
-124.96,637.13,705.72,-155,642,715,8648
-133.72,635.42,696.63,-156,647,730,8656
-138.03,632.04,698.92,-167,658,720,8664
-145.54,631.51,696.69,-167,658,720,8672
-150.54,632.72,699.31,-167,658,711,8680
-154.08,635.28,701.63,-147,659,720,8688
-155.91,638.24,703.94,-142,669,701,8696
-156.6,642.51,703.67,-142,669,702,8704
-154.73,645.94,702.93,-151,658,671,8712
-152.43,648.28,698.1,-151,658,671,8720
-149.87,649.81,691.32,-151,658,671,8728
-147.41,650.07,684.11,-209,649,707,8736
-150.3,649.1,679.06,-186,633,775,8744
-154.23,646.25,681.15,-186,633,775,8752
-161.26,642.4,687.63,-188,649,742,8760
-168.9,638.55,698.21,-188,649,742,8768
-175.74,635.13,710.39,-188,649,742,8776
-180.53,633.41,722.46,-161,667,717,8784
-181.58,634.18,728.63,-162,677,718,8792
-180.98,637.2,730.06,-162,677,718,8800
-175.8,642.03,726.58,-185,669,719,8808
-173.18,647.64,719.12,-185,669,719,8816
-171.24,652.75,712.76,-185,669,719,8824
-170.83,655.92,709.44,-196,649,716,8832
-172.92,656.43,706.96,-179,657,733,8840
-174.95,655.89,706.36,-179,657,733,8848
-178.21,653.35,707.89,-160,661,726,8856
-178.63,650.55,709.45,-148,670,709,8864
-176.44,648.98,709.98,-148,670,709,8872
-171.13,648.95,709.69,-121,680,707,8880
-162.86,650.76,708.04,-135,673,703,8888
-154.81,652.91,704.98,-138,673,703,8896
-146.51,656.34,701.56,-133,657,683,8904
-140.17,657.61,696.01,-134,657,718,8912
-135.35,657.69,693.17,-134,657,718,8920
-132.85,656.26,691.68,-140,641,707,8928
-132.34,652.39,691.78,-141,644,706,8936
-132.29,648.22,692.58,-115,628,731,8944
-132.16,642.23,695.46,-113,624,688,8952
-130.36,636.34,695.97,-134,613,687,8960
-128.81,629.45,695.23,-134,613,687,8968
-127.35,623.18,693.88,-113,606,689,8976
-124.88,616.45,689.51,-86,677,738,8984
-120.79,615.07,688.44,-80,681,731,8992
-115.22,617.75,689.35,-86,670,735,9000
-108.5,623.36,693.6,-114,648,719,9008
-104.05,630.77,697.4,-114,648,719,9016
-100.61,637.93,703.74,-106,647,711,9024
-98.02,643.07,707.67,-90,647,716,9032
-96.72,644.72,709.32,-91,637,710,9040
-97.09,643.97,708.86,-72,586,723,9048
-96.41,635.08,706.12,-63,614,724,9056
-93.16,627.15,704.78,-63,614,724,9064
-87.74,619.19,704.29,-63,716,724,9072
-80.2,620,705.54,-73,672,701,9080
-74.05,621.91,705.37,-93,630,696,9088
-71.16,625.56,704.44,-93,630,696,9096
-71.48,630.39,701.64,-96,659,705,9104
-74.03,635.51,698.65,-96,659,705,9112
-78.83,640.63,694.85,-96,659,705,9120
-84.14,641.76,691.96,-106,734,720,9128
-89.31,648.72,691.48,-95,677,719,9136
-92.84,649.87,692.33,-95,677,719,9144
-95.03,656.13,695.36,-77,676,707,9152
-94.16,663.59,697.86,-57,685,697,9160
-90.92,669.28,698.94,-57,685,697,9168
-85.82,671.22,698.18,-41,675,682,9176
-78.12,671.07,695,-40,659,704,9184
-69.48,669.75,692.23,-58,670,704,9192
-61.5,664.76,688.78,-64,669,715,9200
-56.14,662.99,687.51,-62,665,697,9208
-52.98,660.61,686.67,-62,665,697,9216
-52.8,658.38,687.29,-82,677,710,9224
-56.25,657.01,689.13,-76,675,734,9232
-59.94,656.49,692.18,-73,676,742,9240
-64.33,657.26,697.21,-90,678,733,9248
-69.4,659.37,701.62,-41,745,679,9256
-69.83,665.73,703.26,-41,745,679,9264
-68.48,674.21,702.47,-41,709,668,9272
-64.94,682.85,698.49,-41,701,685,9280
-59.83,691.17,692.36,-42,687,676,9288
-53.26,695.83,683.85,-42,687,668,9296
-47.77,697.09,674.73,-12,684,646,9304
-41.94,694.35,665.85,-12,684,646,9312
-35.52,689.82,658.34,-12,684,646,9320
-31.33,682.12,653.57,-56,568,688,9328
-29.48,667.89,651.09,-65,662,679,9336
-29.63,660.13,650.13,-65,662,679,9344
-32.66,651.5,650.65,-29,800,700,9352
-35.84,654.87,655.19,-47,699,700,9360
-40.34,657.89,661.42,-47,699,700,9368
-44.9,666.78,669.05,-78,672,698,9376
-49.41,675.49,675.52,-52,723,693,9384
-51.74,684.08,680.62,-61,723,693,9392
-52.7,694.92,682.23,-57,706,687,9400
-53.77,696.02,682.89,-59,701,669,9408
-54.95,697.47,681.29,-59,701,669,9416
-57.46,692.07,677.42,-69,680,655,9424
-58.73,691.57,671.84,-101,698,673,9432
-62.55,690.26,666.92,-52,712,666,9440
-62.63,690.37,661.92,-30,737,672,9448
-62.91,690.14,658.62,-57,726,683,9456
-62.54,691.73,657.4,-57,726,683,9464
-60.81,696.29,657.97,-91,654,675,9472
-60.71,696.68,660.01,-90,622,646,9480
-61.87,691.77,659.86,-91,591,573,9488
-65.45,680.26,653.81,-91,427,518,9496
-69.38,650.36,638.5,-108,389,486,9504
-77.6,609.1,615.16,-108,389,486,9512
-86.23,559.29,586.03,-108,389,486,9520
-92.23,508.32,554.43,-123,1042,1150,9528
-98.68,507.43,572.77,-353,1263,904,9536
-119.58,554.63,600.53,-353,1263,904,9544
-148,647.77,656.27,-158,818,672,9552
-171.86,744.26,710.3,-158,818,672,9560
-194.91,845.25,755.64,-158,818,672,9568
-208.07,913.33,776.41,-61,401,604,9576
-202.79,906.83,764.45,-360,315,465,9584
-205.55,850.99,729.9,-360,315,465,9592
-210.28,732.49,654.37,-178,935,704,9600
-204.11,647.06,615.68,-47,935,704,9608
-196.65,593.08,588.31,-47,935,704,9616
-193.72,607.9,589.41,-131,777,640,9624
-183.03,647.24,598.51,-97,691,632,9632
-159.57,692.28,613.06,-97,691,632,9640
-140.74,744.5,627.78,-87,736,611,9648
-111.65,772.03,638.78,26,827,619,9656
-84.62,785.68,641.93,26,827,619,9664
-68.57,763.89,629.02,21,794,641,9672
-54.48,753.69,620.41,-74,639,578,9680
-43.23,742.36,610.56,-9,711,605,9688
-25.89,742.71,606.94,-3,765,646,9696
-15.97,743.66,606.25,-12,794,623,9704
-11.29,742.18,605.07,-12,794,623,9712
-9.14,740.52,606.27,0,795,638,9720
-11.78,740.42,608.73,-28,759,638,9728
-13.74,744.31,612.37,-27,739,630,9736
-15.57,748.49,614.29,-50,730,608,9744
-15.18,755.64,617.27,-76,725,627,9752
-22.49,752.3,618.32,-76,725,627,9760
-32.03,743.11,616.25,-76,725,627,9768
-42.42,732.28,615.42,-59,745,616,9776
-51.47,724.77,614.03,-58,754,639,9784
-59.34,720.68,613.77,-58,754,639,9792
-62.84,721.43,614.46,-36,750,620,9800
-62.54,724.72,614.96,-36,750,620,9808
-59.05,728.91,616.41,-36,750,620,9816
-53.2,732.78,615.98,-52,748,640,9824
-48.68,735.32,616.37,-49,738,619,9832
-45.04,736.07,615.26,-49,738,619,9840
-43.78,734.81,614.89,-59,743,627,9848
-44.53,732.96,613.87,-59,743,627,9856
-46.22,731.14,613.17,-53,744,637,9864
-49.06,729.93,614.36,-47,739,618,9872
-50.93,728.88,614.41,-46,745,642,9880
-51.92,728.62,616.25,-50,754,642,9888
-51.44,729.33,617.34,-45,746,619,9896
-50.33,730.39,618.47,-47,744,613,9904
-49.18,731.41,618.55,-47,744,613,9912
-47.68,731.98,616.96,-52,746,640,9920
-46.97,732.43,616.33,-43,740,618,9928
-46.37,732.07,613.69,-41,741,612,9936
-45.99,731.67,612.27,-41,741,612,9944
-45.39,730.77,609.83,-52,747,626,9952
-45.05,729.88,608.55,-45,743,620,9960
-44.67,729.5,608.27,-45,744,614,9968
-44.41,729.54,607.82,-54,750,624,9976
-45.06,730.19,608.22,-42,742,623,9984
-44.96,730.39,607.49,-42,742,611,9992
-45.3,730.87,607.54,-52,748,621,10000
-45.92,731.37,608.13,-52,748,621,10008
-46.5,731.81,608.46,-52,748,621,10016
-46.71,732,608.1,-51,750,614,10024
-47.53,732.7,607.71,-48,753,620,10032
-48.33,733.75,607.99,-48,753,620,10040
-48.48,734.65,607.74,-55,750,645,10048
-49.4,735.84,609.38,-55,750,645,10056
-50.15,736.81,612.49,-41,745,607,10064
-49.51,736.82,613.43,-50,747,618,10072
-49.37,736.58,614.73,-52,750,619,10080
-49.22,736.21,614.8,-42,743,619,10088
-48.43,735.23,614.07,-47,751,619,10096
-47.91,734.7,612.17,-52,749,642,10104
-47.67,734.27,612.12,-52,749,642,10112
-47.42,734.32,612.34,-42,743,618,10120
-46.79,734.06,612.54,-45,749,617,10128
-47.08,734.33,614.82,-53,751,646,10136
-47.2,734.53,617.3,-42,744,625,10144
-46.49,734.12,617.89,-42,743,611,10152
-46.2,733.98,617.04,-42,743,611,10160
-45.38,733.21,615.48,-42,749,644,10168
-44.28,732.9,614.55,-41,745,623,10176
-43.08,732.34,612.86,-43,743,614,10184
-42.56,732.1,612.32,-43,743,640,10192
-42.06,731.62,613.71,-41,751,622,10200
-41.25,731.64,612.91,-41,751,622,10208
-41.22,732.24,613.51,-41,751,622,10216
-41.12,733.09,614.14,-45,748,615,10224
-41.25,733.97,613.89,-38,750,625,10232
-40.96,734.69,612.16,-38,750,625,10240
-40.67,735.48,611.59,-46,742,615,10248
-40.7,735.51,611.14,-46,742,615,10256
-40.87,735.08,609.34,-39,752,625,10264
-40.92,734.54,609.29,-49,742,617,10272
-41.67,733.47,608.77,-49,742,617,10280
-42.62,732.52,608.22,-51,746,637,10288
-43.68,732.04,609.45,-51,754,637,10296
-45.22,732.2,610.83,-51,754,637,10304
-46.78,732.77,613.11,-41,740,611,10312
-47.14,733.2,614.54,-45,743,611,10320
-47.27,733.71,615.17,-49,754,634,10328
-47.52,734,615.37,-44,743,612,10336
-46.65,733.97,613.78,-45,749,614,10344
-45.9,734.09,611.98,-46,754,630,10352
-45.26,734.39,610.28,-46,754,630,10360
-44.89,734.78,609.71,-44,749,627,10368
-44.49,735.2,609.9,-41,746,612,10376
-44.38,736.1,610.76,-48,755,635,10384
-44.37,737.09,612.83,-48,749,632,10392
-44.21,736.85,613.25,-41,748,610,10400
-44.04,737.05,613.43,-41,748,610,10408
-43.79,736.73,612.8,-41,748,610,10416
-43.32,736.15,610.53,-47,750,634,10424
-43.12,735.73,609.56,-42,747,612,10432
-42.69,735.39,607.55,-42,747,612,10440
-42.53,735.26,606.91,-46,750,631,10448
-42.39,734.84,606.69,-44,750,631,10456
-42.33,734.91,607.42,-44,750,631,10464
-42.73,735.12,609.91,-44,744,613,10472
-43.01,734.98,611.15,-50,749,635,10480
-43.7,735.07,613.57,-45,749,635,10488
-43.84,734.93,614.41,-45,749,635,10496
-44.32,734.94,616.49,-42,741,619,10504
-44.48,734.41,617.38,-47,755,626,10512
-44.56,734.57,617.38,-46,753,631,10520
-44.58,734.81,617.48,-43,743,619,10528
-44.37,734.65,616.4,-40,749,611,10536
-43.96,735.14,615.35,-40,749,611,10544
-43.1,735.19,612.5,-48,748,637,10552
-42.97,735.15,611.37,-42,740,614,10560
-42.5,734.37,609.29,-41,743,609,10568
-42.28,733.98,608.25,-48,751,639,10576
-42.35,733.23,608.93,-44,743,618,10584
-42.46,732.28,608.63,-44,743,618,10592
-42.82,732.05,609.25,-40,744,613,10600
-42.93,731.57,609.45,-42,748,623,10608
-42.98,731.5,609.95,-42,743,616,10616
-42.41,731.24,608.36,-43,749,607,10624
-42.15,731.78,607.28,-43,749,607,10632
-42,732.27,606.17,-52,759,638,10640
-42.26,733.26,605.36,-52,759,638,10648
-43.24,735.15,606.75,-42,749,606,10656
-43.93,736.67,607.09,-46,751,617,10664
-45.01,738.14,608.57,-46,751,617,10672
-45.61,738.86,608.92,-45,743,611,10680
-45.79,738.75,608.49,-41,743,611,10688
-45.3,737.59,607.47,-42,751,618,10696
-44.69,736.6,606.54,-49,754,640,10704
-44.09,735.53,606.11,-49,754,640,10712
-43.8,735.12,607.21,-41,745,608,10720
-43.88,735.27,609.24,-44,748,617,10728
-43.95,735.61,610.93,-44,751,639,10736
-43.95,735.93,613.12,-44,751,639,10744
-43.86,736.4,615.15,-39,741,616,10752
-43.44,735.97,615.54,-44,749,616,10760
-43.13,735.45,615.39,-51,754,642,10768
-43.03,735.19,615.67,-42,748,616,10776
-42.72,734.84,614.4,-39,749,614,10784
-42.81,735.2,614.34,-39,749,614,10792
-42.52,735.41,613.02,-47,749,641,10800
-42.52,735.52,612.29,-38,741,618,10808
-41.82,734.93,610.78,-38,741,618,10816
-41.32,734.49,610.89,-55,759,642,10824
-41.73,734.5,612.77,-49,753,622,10832
-41.93,734.23,612.43,-49,753,622,10840
-43.19,734.93,613.71,-49,754,637,10848
-44.74,736.05,615.42,-54,754,637,10856
-46.63,737.38,617.2,-54,754,637,10864
-47.94,738.55,617.81,-41,745,620,10872
-48.62,739.06,618.73,-45,748,613,10880
-49.02,739.18,618.7,-45,748,613,10888
-47.97,737.9,616.26,-45,748,613,10896
-47.05,736.9,613.88,-41,746,622,10904
-45.74,735.8,611.48,-40,743,613,10912
-44.41,734.58,608.1,-37,747,611,10920
-42.75,733.78,605.57,-37,745,620,10928
-41.1,732.93,604.3,-38,744,614,10936
-40.16,732.6,604.01,-38,744,614,10944
-39,732.08,604.13,-37,751,611,10952
-38,732.14,603.85,-52,756,631,10960
-38.32,732.83,604.91,-40,746,605,10968
-38.65,733.39,604.11,-41,749,615,10976
-39.43,734.43,604.46,-41,756,623,10984
-40.28,735.59,605.21,-41,756,623,10992
-40.87,736.84,605.6,-38,736,612,11000
-40.85,736.68,605.84,-38,746,609,11008
-40.44,736.61,605.63,-38,746,609,11016
-39.98,735.69,605.3,-50,756,627,11024
-39.57,735.05,604.6,-41,754,607,11032
-39.73,735.16,604.17,-41,754,607,11040
-40.11,735.71,603.19,-38,747,623,11048
-40.33,736.03,602.93,-38,747,623,11056
-40.32,736.28,603.14,-38,747,623,11064
-40.09,737.08,604.45,-41,739,614,11072
-39.72,736.05,605.49,-52,760,638,11080
-40.23,736.04,608.24,-52,760,638,11088
-40.72,735.88,610.3,-53,752,614,11096
-42.59,736.27,612.19,-41,749,619,11104
-44.02,736.96,613.78,-41,749,619,11112
-45.25,737.91,613.6,-30,746,629,11120
-44.8,738.13,613.5,-34,732,608,11128
-43.42,736.53,611.61,-48,758,630,11136
-42.1,736.33,611.55,-48,758,630,11144
-40.6,735.2,610.73,-54,766,640,11152
-40.71,735.76,611.56,-48,756,618,11160
-41.52,737.27,613.01,-43,757,615,11168
-43.26,739.58,613.72,-42,751,633,11176
-44.49,741.3,614.96,-37,734,609,11184
-45.03,740.95,613.37,-36,737,606,11192
-44.29,740.02,612.06,-45,750,636,11200
-42.82,737.29,610.79,-45,750,636,11208
-41.66,734.82,610.43,-45,750,636,11216
-40.85,732.83,610.91,-41,754,610,11224
-40.75,732.84,611.83,-48,763,628,11232
-41.64,734.37,613.94,-48,763,628,11240
-42.63,736.87,614.36,-47,747,607,11248
-43.75,739.27,613.9,-47,747,607,11256
-44.8,740.78,612.51,-47,747,607,11264
-45.27,740.57,608.75,-53,750,617,11272
-46.14,739.77,605.82,-57,735,610,11280
-47.31,737.48,602.75,-57,735,610,11288
-48.95,734.69,601.71,-53,739,620,11296
-50.17,731.66,600.96,-24,755,636,11304
-49.32,730.02,602.14,-24,755,636,11312
-47.31,730.12,605.5,-51,717,608,11320
-45.53,728.54,607.56,-42,736,609,11328
-42.87,728.07,609.19,-37,766,645,11336
-40.25,728.89,611.48,-60,746,609,11344
-40.06,729.56,611.33,-46,758,605,11352
-40.51,731.4,610.31,-46,758,605,11360
-41.88,733.73,608.06,-33,770,642,11368
-43.46,736.89,607.38,-33,753,616,11376
-43.94,739.15,605.84,-44,752,610,11384
-42.62,742.67,605.97,-44,765,636,11392
-41.51,744.9,608.04,-46,751,616,11400
-41.23,744.05,607.31,-46,751,616,11408
-40.42,744.02,608.66,-46,751,613,11416
-41.26,742.8,608.99,-37,754,635,11424
-41.63,741.8,610.36,-32,741,621,11432
-41.82,739.36,609.08,-32,741,621,11440
-41.07,737.69,609.67,-37,734,606,11448
-39.37,735.3,609.61,-37,760,637,11456
-37.63,733.72,609.78,-43,760,637,11464
-36.62,733.59,611.29,-48,754,609,11472
-36.8,734.17,611.25,-43,761,642,11480
-37.53,736.17,613.58,-43,761,642,11488
-39.14,738.52,615.03,-43,761,623,11496
-40.81,741.58,616.65,-43,745,623,11504
-42.04,742.79,617.67,-44,735,607,11512
-42.6,742.6,617.55,-39,749,610,11520
-42.56,740.65,614.78,-48,751,629,11528
-42.67,738.33,612.27,-51,740,609,11536
-42.9,735.84,610.09,-40,752,608,11544
-43.05,734.21,606.54,-46,745,617,11552
-43.61,732.98,604.25,-46,745,617,11560
-44.06,732.33,603.65,-45,739,606,11568
-44.36,732.07,602.51,-39,753,606,11576
-43.98,732.92,602.01,-47,762,636,11584
-44.16,733.69,603.24,-46,746,607,11592
-43.82,733.91,602.16,-38,759,609,11600
-42.95,736.01,602.65,-38,759,609,11608
-42.6,737.58,602.81,-38,759,631,11616
-41.66,739.69,603.71,-40,737,608,11624
-40.74,739.93,603.3,-33,748,609,11632
-39.33,740.28,603.41,-33,748,609,11640
-38.2,739.09,603.38,-42,744,625,11648
-37.27,736.84,602.63,-42,744,625,11656
-36.77,735.48,603.86,-42,744,625,11664
-37.18,733.57,605.28,-31,762,630,11672
-37.12,733.51,607.72,-43,754,629,11680
-37.8,733.67,609.36,-43,754,629,11688
-38.25,735.67,612.38,-34,756,607,11696
-38.4,737.32,613.17,-44,760,629,11704
-39,739.23,614.3,-44,760,629,11712
-39.17,741.19,613.92,-45,753,627,11720
-39.77,742.3,613.59,-48,741,630,11728
-40.71,742.21,613.85,-47,759,630,11736
-42.35,741.64,614.36,-51,753,632,11744
-43.67,740.91,615.53,-48,741,613,11752
-44.79,739.36,615.25,-48,741,613,11760
-46.27,737.55,615.38,-41,756,626,11768
-46.38,736.46,614.11,-47,750,632,11776
-46.5,735.38,613.14,-49,739,613,11784
-46.42,734.23,611.54,-49,739,613,11792
-46.2,733.71,610.13,-39,749,609,11800
-45.59,732.7,608.51,-49,756,634,11808
-45.41,732.65,608.2,-49,748,614,11816
-45.48,733.04,607.72,-36,752,608,11824
-44.7,734.08,606.97,-47,755,638,11832
-44.78,734.89,607.65,-47,755,638,11840
-44.42,736.28,608.78,-41,743,613,11848
-43.8,737.23,610.14,-40,748,607,11856
-43.08,737.82,610.62,-40,748,607,11864
-42.81,737.36,610.35,-38,733,613,11872
-41.76,735.24,607.95,-31,739,609,11880
-40.06,733.52,605.64,-31,739,609,11888
-38.79,731.28,603.58,-35,753,618,11896
-36.95,730.07,601.21,-44,744,611,11904
-35.93,728.99,599.58,-44,744,611,11912
-35.88,729.3,599.93,-38,751,606,11920
-36.22,730.22,600.13,-38,761,637,11928
-36.96,732.05,602.19,-46,759,637,11936
-38.28,734.89,604.48,-41,746,605,11944
-39.44,736.54,605.76,-42,760,617,11952
-40.35,738.89,607.69,-42,760,617,11960
-40.87,740.18,608.35,-52,760,637,11968
-41.62,741.83,610.04,-41,746,607,11976
-41.92,742.24,609.37,-37,755,617,11984
-42.22,742.45,609.52,-45,752,638,11992
-42.69,741.68,609.55,-44,739,616,12000
-42.44,739.87,608.84,-44,739,616,12008
-42.46,738.24,609.97,-40,754,616,12016
-42.14,736.41,609.77,-52,758,644,12024
-42.78,735.37,611.39,-47,745,621,12032
-42.87,734.31,610.81,-47,745,615,12040
-43.81,734.56,611.77,-47,757,639,12048
-44.92,735.22,613.54,-47,757,639,12056
-45.47,736.17,614.42,-47,757,639,12064
-45.95,737.82,617.03,-42,743,606,12072
-45.81,738.46,617.29,-48,758,641,12080
-46.07,739.09,619.25,-48,758,641,12088
-45.6,739.42,619.29,-48,745,605,12096
-45.62,739.51,618.21,-40,744,605,12104
-45.22,739.13,616.56,-40,744,605,12112
-44.69,737.67,612.5,597,722,496,12120
1.59,734.47,600.26,263,691,563,12128
44.47,728.14,588.9,-277,691,563,12136
65.13,720.75,577.2,-155,883,657,12144
79.78,724.7,571.31,-154,869,713,12152
66.51,733.38,575.23,-154,869,713,12160
28.08,751.29,590.28,-233,666,599,12168
-31.92,760.84,604.89,-193,674,618,12176
-83.64,766.19,619.29,-166,704,640,12184
-150.64,762.95,634.27,-119,769,649,12192
-178.04,754.85,638.27,-85,786,641,12200
-164.7,746.03,638.05,-85,786,641,12208
-154.32,733.2,632.97,-98,746,641,12216
-139.96,729.33,628.13,-194,749,629,12224
-131.89,730.15,624.46,-64,862,676,12232
-116.09,748.73,630.14,-107,886,632,12240
-110.25,766.99,631.43,-227,599,564,12248
-116.12,765.47,626.65,-227,599,564,12256
-128.38,754.64,618.66,-227,685,560,12264
-146.27,738.78,607.25,-159,783,654,12272
-161.2,723.53,599.99,-198,715,630,12280
-177.23,707.52,593.32,-198,732,638,12288
-183.96,699.49,593.34,-204,734,674,12296
-193.86,695.12,598.5,-204,734,674,12304
-198.09,694.96,609.91,-204,734,674,12312
-195.74,709.64,625.67,-128,770,638,12320
-190.01,721.8,636.54,-134,737,617,12328
-182.8,725.96,642.89,-134,737,617,12336
-176.02,724.99,639.84,-163,708,591,12344
-166.57,725.69,633.05,-163,708,591,12352
-158.01,723.36,623.19,-163,708,591,12360
-152.2,718.74,610.57,-299,653,600,12368
-159.92,708.75,600,-340,630,587,12376
-177.01,695.66,590.82,-340,630,587,12384
-205.67,678.71,585.51,-254,676,754,12392
-231.75,666.25,594.4,-406,676,754,12400
-266.1,655.57,609.06,-406,676,754,12408
-296.04,650.33,632.45,-276,715,676,12416
-314.14,651.97,654.49,-135,706,660,12424
-315.9,656.92,673.19,-135,706,660,12432
-298.89,666.72,683.56,-144,702,605,12440
-270.03,676.53,681.16,-135,765,623,12448
-233.46,689.04,672.62,-135,765,623,12456
-201.66,699.08,652.39,-74,776,637,12464
-163.63,711.05,636.23,-67,681,585,12472
-133.04,717.35,620.41,-67,681,585,12480
-113.14,718.72,611.03,-99,673,596,12488
-103.59,714.97,603.6,-232,720,618,12496
-104.46,709.33,597.73,-232,720,618,12504
-112.1,702.85,596.02,-271,771,632,12512
-132.41,699.27,595.98,-158,783,646,12520
-151.52,703.06,599.71,-105,751,631,12528
-168.68,709.52,603.77,-168,740,607,12536
-180.6,721.93,609.28,-165,760,631,12544
-182.49,732.62,614.18,-165,760,631,12552
-178.11,740.43,616.59,-100,775,659,12560
-162.32,744.05,618.89,-50,713,610,12568
-145.75,742.93,618.54,-87,685,606,12576
-128.92,736.11,617.35,-135,717,643,12584
-120.03,728.55,617.19,-112,734,602,12592
-113.22,722.22,614.65,-112,734,602,12600
-105.94,716.84,612.53,-223,696,615,12608
-111.09,709.81,608.9,-177,707,646,12616
-119.11,705.67,608.14,-129,724,671,12624
-130.39,702.74,609.46,-211,723,617,12632
-147.84,703.29,612.48,-132,738,676,12640
-155.84,706.15,620.71,-132,738,676,12648
-158.06,708.03,627.48,-141,707,622,12656
-157.76,708.42,633.09,-164,726,630,12664
-157.05,709.87,636.72,-176,717,675,12672
-151.77,711.63,639.92,-259,727,646,12680
-157.34,712.17,639.22,-240,764,668,12688
-169.47,713.96,638.7,-240,764,668,12696
-181.25,717.49,642.17,-240,704,645,12704
-199.01,718.34,642.07,-48,653,568,12712
-201.01,714.99,636.52,55,641,510,12720
-185.59,708.37,625.86,55,641,671,12728
-153.68,695.21,619.66,-6,862,686,12736
-114.17,694.78,611.97,-6,862,686,12744
-68.62,700.68,612.06,-6,862,686,12752
-31.94,717.18,618.29,-176,741,641,12760
-19.75,735.07,627.18,-165,731,628,12768
-22.59,754.83,636.14,-165,731,628,12776
-47.72,767.49,642.88,-135,720,586,12784
-79.35,767.31,643.33,-132,695,586,12792
-107.6,757.76,630.15,-132,695,586,12800
-125.78,734.26,615.27,-68,706,612,12808
-131.55,715.61,603.41,-52,750,600,12816
-129.18,704.06,593.49,-52,750,600,12824
-112.55,703.6,589,20,821,647,12832
-90.61,712.18,590.73,-47,763,610,12840
-71.83,721.4,592.33,-47,763,610,12848
-56,733.1,597.09,-41,762,611,12856
-44.08,744.28,600.75,-31,773,640,12864
-35.67,752.5,605.25,-52,715,586,12872
-35.11,752.9,604.18,-59,722,603,12880
-37.63,747.72,603.68,-87,723,617,12888
-42.43,740.88,603.25,-87,723,617,12896
-52.12,729.68,600.39,-93,733,625,12904
-59.34,723.31,600.99,-94,766,623,12912
-67.62,720.69,602.18,-96,773,639,12920
-75.99,722.04,605.66,-87,764,639,12928
-83.02,725.36,608.32,-73,739,605,12936
-85.97,731.62,611.9,-73,739,605,12944
-86.6,736.11,612.96,-73,738,624,12952
-84.13,737.89,612.64,-75,737,628,12960
-81.16,737.03,611.76,-81,728,613,12968
-78.37,733.63,609.55,-81,728,613,12976
-76.46,728.32,608.03,-95,754,632,12984
-76.59,725.31,607.64,-89,757,635,12992
-77.97,724.56,608.27,-85,747,617,13000
-80.42,726.15,610.03,-81,754,627,13008
-82.32,729.02,612.16,-81,754,637,13016
-83.46,732.25,613.79,-76,740,612,13024
-83.28,734.21,613.62,-76,740,612,13032
-81.96,735.37,613.52,-76,740,612,13040
-80.35,735.24,612.35,-80,742,607,13048
-78.36,733.19,609.24,-84,750,638,13056
-77.5,731.58,607.86,-79,741,613,13064
-77.12,730.51,606.65,-79,741,613,13072
-77.36,729.65,605.87,-80,751,639,13080
-77.72,729.77,606.75,-80,751,639,13088
-78.23,730.92,609.73,-75,742,614,13096
-78.16,731.56,611.45,-78,744,609,13104
-78,732.14,612.16,-83,752,635,13112
-77.88,732.97,613.95,-79,741,617,13120
-77.48,732.57,612.34,-79,741,617,13128
-77.55,732.43,611.81,-79,743,609,13136
-77.68,732.09,610.43,-82,752,619,13144
-77.99,731.79,608.39,-82,743,618,13152
-78.29,731.21,606.59,-78,743,610,13160
-78.59,731.3,605.7,-82,750,622,13168
-78.92,731.81,605.93,-82,750,622,13176
-78.98,732.04,605.1,-78,741,616,13184
-79.03,732.39,605.51,-78,742,605,13192
-78.93,732.49,605.1,-78,749,616,13200
-78.66,732.7,605.38,-83,754,642,13208
-78.5,732.76,606.59,-83,754,642,13216
-78.46,733.64,608.63,-78,742,608,13224
-78.54,734.07,609.97,-79,751,619,13232
-78.54,734.75,611.36,-82,751,642,13240
-78.7,735.27,613.68,-76,744,620,13248
-78.59,735.54,614.39,-76,744,620,13256
-78.24,735.32,615,-77,749,617,13264
-77.76,734.81,614.31,-81,752,643,13272
-77.26,734.42,614.13,-78,742,621,13280
-76.76,733.61,613.09,-74,748,611,13288
-76.43,733.93,613.33,-74,748,611,13296
-76.03,733.74,612.41,-81,751,640,13304
-75.84,733.86,611.7,-77,745,618,13312
-75.76,734,611.12,-78,753,614,13320
-75.8,734.63,610.34,-78,753,614,13328
-75.91,735.15,609.82,-84,758,641,13336
-76.37,736.06,609.76,-77,749,617,13344
-76.71,737.14,609.89,-75,742,607,13352
-77.03,737.25,609.73,-79,754,642,13360
-77.35,737.69,611.55,-75,744,620,13368
-76.83,736.91,610.66,-75,744,620,13376
-76.41,736.18,611.31,-79,740,610,13384
-76.05,734.5,610.96,-84,755,639,13392
-76.24,733.92,612.23,-84,755,639,13400
-76.53,733.55,612.35,-75,736,610,13408
-76.98,732.97,612.47,-75,744,608,13416
-77.47,733.3,612.83,-75,744,608,13424
-77.31,732.63,610.34,-76,746,628,13432
-76.98,732.45,609.7,-76,746,628,13440
-76.35,732.04,608.73,-80,742,610,13448
-75.83,731.72,607.87,-75,753,610,13456
-75.12,731.64,606.16,-81,739,609,13464
-75.15,731,604.61,-74,739,609,13472
-75.37,731.34,604.2,-70,744,611,13480
-75.17,731.06,603.17,-77,748,631,13488
-75.06,730.91,603.45,-77,748,631,13496
-74.71,730.84,603.77,-78,738,610,13504
-74.56,730.37,604.09,-77,750,607,13512
-74.35,731.08,605.38,-81,750,646,13520
-75,731.28,608.44,-81,750,646,13528
-75.55,732.41,611.54,-70,749,619,13536
-75.78,733.45,613.39,-72,749,605,13544
-75.95,734.23,614.14,-85,752,633,13552
-76.12,735.02,614.84,-80,749,627,13560
-76.06,735.46,614.5,-71,750,608,13568
-75.6,736.35,613.39,-71,750,630,13576
-75.2,736.38,613.38,-73,744,631,13584
-74.56,735.99,611.9,-73,744,631,13592
-73.68,735.4,611.63,-73,744,631,13600
-73.18,734.57,613.3,-81,749,627,13608
-73.2,733.95,615.57,-76,750,632,13616
-72.73,733.4,616.5,-76,750,632,13624
-73.02,733.43,617.49,-77,745,626,13632
-73.94,733.45,618.78,-78,760,626,13640
-74.77,734.61,618.4,-78,760,626,13648
-75.33,736.32,617.8,-83,756,634,13656
-76.1,738.03,617.66,-75,744,622,13664
-76.44,738.93,616.83,-80,750,622,13672
-76.66,739.45,616.24,-79,750,636,13680
-77.05,739.3,616.25,-74,739,614,13688
-76.98,737.84,615.01,-74,739,614,13696
-76.6,736.17,613.89,-76,742,609,13704
-76.05,733.65,611.8,-80,749,640,13712
-75.78,731.93,611.47,-75,741,616,13720
-75.07,730.4,609.64,-75,741,616,13728
-75,729.93,609.06,-72,745,608,13736
-74.5,729.63,608.18,-81,757,636,13744
-74.6,730.38,608.26,-75,745,615,13752
-74.59,731.3,608.36,-74,742,611,13760
-74.52,732.05,607.97,-74,751,622,13768
-74.35,733.05,608.45,-74,751,622,13776
-73.92,733.56,607.32,-75,741,623,13784
-73.79,733.74,607.96,-71,743,609,13792
-73.28,733.66,607.52,-80,750,618,13800
-73.54,733.63,608,-77,736,612,13808
-73.31,732.08,606.32,-76,740,607,13816
-73.65,731.28,605.28,-76,740,620,13824
-74.11,730.39,604.9,-81,749,620,13832
-74.87,729.67,604.09,-79,757,638,13840
-75.53,729.97,605.32,-78,750,610,13848
-76.01,731.12,605.6,-78,750,610,13856
-76.66,732.74,606.86,-75,758,638,13864
-76.5,734.61,608.81,-74,759,638,13872
-76.26,737.27,610.96,-74,759,638,13880
-75.77,739.44,613.8,-72,738,605,13888
-74.98,739.9,614.01,-71,747,612,13896
-73.77,739.77,614.3,-77,750,640,13904
-73.13,738.69,614.3,-75,747,623,13912
-72.66,737.47,614.22,-75,749,620,13920
-72.49,736.36,613.88,-71,753,639,13928
-72.41,735.49,613.64,-63,740,614,13936
-71.76,734.41,612.88,-63,740,614,13944
-70.64,733.34,612.09,-70,744,609,13952
-69.55,733.28,611.74,-80,750,634,13960
-69.15,732.77,611.79,-73,743,621,13968
-68.61,731.82,609.68,-73,743,621,13976
-68.96,731.32,609.23,-80,738,607,13984
-70.24,730.61,608.54,-75,768,645,13992
-71.57,731.72,609.35,-75,768,645,14000
-73.05,734.17,612.13,-78,754,614,14008
-74.24,736.56,613.37,-80,759,634,14016
-75.03,739.46,616.16,-80,759,634,14024
-75.34,741.84,617.25,-70,734,605,14032
-75.42,742.24,616.87,-70,734,605,14040
-75.23,740.86,614.91,-83,715,605,14048
-75.13,736.83,612.32,-63,728,593,14056
-73.93,730.81,606.22,-85,747,623,14064
-74.04,725.97,602.01,-85,747,623,14072
-74.31,723.29,600.56,-75,767,618,14080
-74.57,723.88,599.53,-67,760,625,14088
-74.48,726.37,600.52,-67,760,625,14096
-74.4,731.74,603.9,-71,741,607,14104
-73.88,735.54,605.91,-72,741,607,14112
-72.12,738.69,606.63,-78,743,627,14120
-71.98,739.14,608.05,-80,735,613,14128
-71.38,736.56,606.54,-75,746,614,14136
-71.42,734.27,605.36,-75,746,614,14144
-72.4,731.32,604.73,-80,760,639,14152
-73.96,730.93,605.83,-70,748,620,14160
-74.51,730.97,606.45,-65,748,611,14168
-73.97,732.69,607.68,-78,746,633,14176
-73.69,734.12,609.97,-78,742,628,14184
-73.08,734.53,610.7,-78,742,628,14192
-72.77,734.6,612.3,-78,742,628,14200
-73.2,733.37,613.61,-85,753,632,14208
-74.52,732.89,615.33,-80,754,634,14216
-75.55,732.26,615.94,-80,754,634,14224
-77.04,733.18,617.63,-64,757,624,14232
-77.29,734.86,618.94,-75,757,624,14240
-76.77,736.94,618.58,-75,757,624,14248
-75.74,739.15,618.05,-71,754,633,14256
-74.31,740.73,617.69,-78,748,628,14264
-73.53,741.39,617.04,-78,748,628,14272
-72.86,740.84,616.52,-78,746,627,14280
-73.15,739.62,616.23,-72,738,617,14288
-73.22,737.52,615.38,-72,738,617,14296
-74.01,734.94,614.66,-71,746,630,14304
-73.67,732.83,614.16,-69,749,628,14312
-72.83,731.32,613.61,-69,742,618,14320
-71.95,730.21,612.36,-69,742,618,14328
-70.62,729.92,611.71,-69,744,605,14336
-69.49,729.96,610.11,-82,759,641,14344
-69.5,731.15,610.46,-77,751,619,14352
-70.09,732.47,610.04,-74,748,613,14360
-70.97,733.82,609.63,-71,749,640,14368
-71.8,734.82,610.5,-71,749,640,14376
-72.43,735.48,612.2,-71,733,610,14384
-72.51,734.99,613.09,-73,737,606,14392
-72.24,733.81,612.89,-73,737,616,14400
-71.91,731.87,612.88,-80,746,618,14408
-71.6,729.62,610.08,-77,746,613,14416
-71.92,728.39,607.92,-77,746,613,14424
-72.76,728.12,606.28,-70,749,620,14432
-73.31,728.81,604.43,-70,749,620,14440
-73.48,729.93,603.54,-70,749,620,14448
-73.11,731.96,604.74,-72,744,615,14456
-72.34,733.05,605.78,-79,754,641,14464
-72.04,734.4,607.94,-79,754,641,14472
-71.82,735.14,610.55,-74,740,606,14480
-72.1,735.05,611.7,-72,746,614,14488
-72.49,735.1,612.76,-72,746,614,14496
-73.04,734.67,612.22,-74,746,641,14504
-73.26,734.09,612.59,-68,743,610,14512
-72.71,733.18,610.86,-71,752,612,14520
-72.02,733.21,609.87,-84,760,642,14528
-71.92,733.71,609.88,-76,752,615,14536
-71.88,734.37,608.98,-76,752,615,14544
-72.58,736.17,610.1,-75,752,609,14552
-73.42,737.48,609.49,-79,750,639,14560
-74.42,738.33,610.55,-70,741,620,14568
-74.44,737.99,609.15,-69,751,614,14576
-74.25,737.79,609.41,-79,756,639,14584
-74.17,737.28,611.28,-79,756,639,14592
-73.48,736.79,612.06,-79,749,619,14600
-73.7,736.9,613.74,-70,744,608,14608
-73.63,736.87,614.04,-75,750,635,14616
-73.98,737.01,615.51,-75,750,635,14624
-73.9,736.82,614.94,-75,738,611,14632
-74.04,736.01,613.99,-75,738,611,14640
-74.07,734.28,613.13,-75,738,611,14648
-73.62,732.11,610.6,-85,760,627,14656
-74.13,731.49,609.01,-80,760,615,14664
-74.68,731.96,607.69,-80,760,615,14672
-75.98,733.85,607.21,-77,757,611,14680
-76.75,736.16,605.45,-64,738,619,14688
-76.36,737.4,604.58,-64,738,619,14696
-75.19,738.21,605.09,-62,723,607,14704
-72.94,736.13,604.62,-72,725,628,14712
-70.91,732.53,605.47,-78,746,628,14720
-69.06,728.37,605.82,-80,749,613,14728
-68.74,725.4,606.5,-76,761,614,14736
-69.34,725.22,607.11,-76,761,614,14744
-70.74,727.29,607.45,-69,743,623,14752
-72.28,730.6,607.49,-36,761,624,14760
-70.62,734.79,607.4,-80,770,628,14768
-70.28,739.46,608.58,-87,781,634,14776
-69.37,744.27,609.71,-58,757,613,14784
-67.31,746.45,610.15,-58,757,613,14792
-65.92,748.44,611.1,-58,727,597,14800
-64.9,746.99,609.69,-64,708,613,14808
-64.07,742.2,607.94,-62,711,611,14816
-62.77,735.79,604.88,-62,711,611,14824
-63.08,726.49,602.11,-118,782,651,14832
-65.33,721.92,602.94,-118,782,651,14840
-69.71,720.42,605.63,-118,782,651,14848
-78.39,725.41,611.79,-89,748,604,14856
-86.23,731.47,615.49,-53,728,618,14864
-90.48,737.64,619.43,-53,728,618,14872
-90.55,741.18,619.71,-56,720,612,14880
-86.34,739.19,617.4,-74,722,612,14888
-80.81,734.34,613.99,-74,722,612,14896
-72.72,725.01,608.67,-103,761,632,14904
-69.7,720.31,606.27,-98,750,618,14912
-70.14,718.03,604.39,-68,750,618,14920
-72.65,720.32,605.99,-51,737,612,14928
-75.51,723.93,606.33,-64,736,632,14936
-76.5,726.94,607.73,-64,736,632,14944
-74.88,728.88,609.44,-69,740,608,14952
-71.34,729.22,609.63,-81,754,609,14960
-69.22,729.88,609.61,-87,778,642,14968
-67.92,730.77,610.13,-71,761,614,14976
-67.99,733.27,609.86,-54,746,603,14984
-69.04,735.99,608.68,-54,746,603,14992
-69.69,738.98,607.23,-64,736,627,15000
